age,bmi,physical_activity,blood_pressure,cholesterol,glucose,diabetes
72.0,28.9,Moderate,142.0,126.0,193.0,1
73.0,19.7,Low,137.33,201.0,107.0,0
61.0,35.7,Low,122.67,168.0,110.0,0
26.0,20.3,Moderate,104.67,168.0,89.0,0
33.0,22.8,Moderate,121.33,131.0,84.0,0
32.0,28.9,Low,119.33,182.0,104.0,0
38.0,35.9,Low,118.67,225.0,103.0,0
50.0,23.6,High,133.33,202.0,110.0,0
57.0,38.3,Moderate,128.67,151.0,107.0,0
20.0,31.8,High,112.0,177.0,110.0,0
37.0,36.8,Moderate,149.33,189.0,127.0,0
75.0,38.9,Low,122.0,161.0,89.0,0
43.0,28.9,Moderate,131.33,200.0,90.0,0
54.0,32.7,Moderate,104.67,238.0,98.0,0
36.0,27.3,Moderate,104.0,162.0,85.0,0
80.0,24.6,Moderate,136.0,161.0,100.0,0
43.0,30.5,High,140.0,195.0,102.0,0
63.0,24.8,Low,140.0,140.0,114.0,1
71.0,30.3,Low,123.33,210.0,133.0,0
67.0,22.1,Moderate,134.0,165.0,114.0,0
57.0,37.8,Moderate,128.0,271.0,96.0,0
61.0,27.7,Low,115.33,127.0,111.0,1
44.0,31.2,High,133.33,206.0,86.0,0
54.0,28.0,Low,118.67,146.0,89.0,0
70.0,46.1,Low,150.0,241.0,139.0,0
25.0,21.0,High,110.0,142.0,86.0,0
25.0,33.0,High,111.33,186.0,108.0,0
24.0,29.1,Low,108.67,187.0,99.0,0
30.0,32.3,Low,112.67,160.0,108.0,0
49.0,21.3,Low,138.67,243.0,102.0,0
45.0,21.5,High,100.67,184.0,89.0,0
44.0,37.6,Low,118.67,254.0,105.0,0
61.0,36.4,Low,106.0,174.0,86.0,0
58.0,33.6,High,122.67,179.0,105.0,0
77.0,21.4,Moderate,167.33,255.0,90.0,0
66.0,26.8,Low,114.0,191.0,133.0,1
57.0,22.5,High,94.0,198.0,88.0,0
20.0,22.7,Low,98.0,109.0,81.0,0
48.0,46.2,Low,156.67,179.0,102.0,0
54.0,30.8,Moderate,138.0,149.0,184.0,1
64.0,30.9,Low,161.33,132.0,92.0,0
29.0,26.4,Low,102.0,213.0,87.0,0
53.0,26.5,Low,134.0,126.0,95.0,0
26.0,19.2,High,116.67,167.0,89.0,0
46.0,36.2,Low,118.0,185.0,96.0,0
48.0,26.4,Low,114.67,152.0,105.0,0
80.0,22.5,High,158.0,195.0,102.0,0
46.0,27.5,High,112.0,172.0,90.0,0
80.0,30.1,Moderate,193.33,234.0,204.0,0
56.0,25.6,Low,118.67,143.0,94.0,0
29.0,37.5,High,96.67,187.0,88.0,0
31.0,39.7,Low,114.0,187.0,96.0,0
35.0,19.0,Low,100.67,200.0,93.0,0
21.0,27.3,High,106.0,188.0,90.0,0
39.0,23.4,High,93.0,199.0,83.0,0
62.0,18.1,Moderate,116.0,233.0,98.0,0
48.0,30.2,Low,118.67,183.0,103.0,0
26.0,24.9,High,95.33,222.0,88.0,0
59.0,30.2,Low,140.0,261.0,104.0,0
46.0,23.0,Moderate,110.0,243.0,83.0,0
30.0,49.9,Low,122.67,190.0,105.0,0
63.0,32.2,Low,131.33,220.0,112.0,0
50.0,27.8,Low,116.0,152.0,107.0,0
34.0,26.3,Low,106.67,203.0,87.0,0
72.0,25.0,Low,133.33,203.0,86.0,0
64.0,27.8,Low,134.67,250.0,129.0,0
56.0,28.6,Moderate,122.0,163.0,107.0,0
29.0,28.6,High,101.33,117.0,79.0,0
68.0,35.4,Low,136.0,135.0,212.0,1
70.0,39.1,Low,130.67,175.0,92.0,0
34.0,29.6,Moderate,132.0,233.0,108.0,0
65.0,41.1,High,119.33,183.0,119.0,0
40.0,30.5,Low,,176.0,92.0,0
53.0,22.6,Low,152.0,240.0,103.0,0
47.0,50.9,Low,126.0,202.0,120.0,0
63.0,28.1,Low,114.67,175.0,110.0,0
50.0,41.6,Low,125.33,157.0,184.0,1
43.0,30.7,High,116.67,216.0,107.0,0
66.0,26.6,High,105.33,205.0,92.0,0
51.0,22.2,Moderate,116.0,215.0,99.0,0
27.0,32.4,Low,131.33,208.0,105.0,0
32.0,23.2,High,121.33,208.0,80.0,0
39.0,24.9,Low,92.67,185.0,93.0,0
64.0,30.9,Low,139.33,176.0,104.0,0
23.0,32.9,High,123.33,219.0,90.0,0
37.0,32.0,Low,117.33,154.0,93.0,0
31.0,29.7,Low,140.0,165.0,118.0,0
63.0,24.2,Low,130.0,203.0,115.0,0
41.0,22.4,Low,92.67,211.0,100.0,0
53.0,26.8,Low,106.67,219.0,119.0,0
42.0,39.2,Low,114.67,175.0,101.0,0
49.0,31.9,Low,156.67,206.0,90.0,0
34.0,31.2,High,118.67,247.0,101.0,0
64.0,25.4,Low,128.0,161.0,90.0,0
30.0,24.5,Moderate,106.67,137.0,85.0,0
61.0,25.9,Moderate,121.33,224.0,102.0,0
36.0,28.0,High,124.0,193.0,103.0,0
20.0,18.4,High,117.33,129.0,81.0,0
40.0,23.5,High,100.67,154.0,100.0,0
32.0,28.0,High,98.67,134.0,86.0,0
66.0,26.2,High,120.67,187.0,95.0,0
63.0,39.0,Low,142.0,223.0,107.0,0
34.0,35.7,Low,152.0,135.0,115.0,0
71.0,33.3,Moderate,97.33,249.0,98.0,0
55.0,29.6,Low,122.0,193.0,109.0,1
22.0,35.0,Low,127.33,211.0,101.0,0
80.0,24.2,Low,156.0,171.0,142.0,0
43.0,35.6,Low,,192.0,111.0,0
20.0,21.3,High,100.67,142.0,100.0,0
38.0,42.7,Low,147.33,279.0,125.0,0
41.0,23.7,High,94.0,184.0,98.0,0
40.0,26.4,Low,113.33,186.0,107.0,0
80.0,26.4,Moderate,96.67,161.0,94.0,0
40.0,23.9,Moderate,122.0,131.0,109.0,0
38.0,29.9,Low,130.0,185.0,103.0,0
63.0,47.2,Low,131.33,200.0,91.0,0
60.0,34.2,Moderate,124.67,209.0,97.0,0
71.0,23.0,High,162.67,266.0,106.0,0
56.0,28.8,Low,174.0,,117.0,0
59.0,40.7,Moderate,102.67,301.0,95.0,0
63.0,24.3,Moderate,134.0,192.0,97.0,0
26.0,27.3,Low,120.0,139.0,84.0,0
63.0,23.9,High,124.0,184.0,99.0,0
80.0,32.1,Low,130.0,195.0,111.0,0
40.0,37.0,High,112.67,181.0,90.0,0
44.0,28.7,Low,128.0,232.0,107.0,0
60.0,24.3,Low,137.33,188.0,97.0,0
28.0,39.9,Moderate,116.0,171.0,101.0,0
35.0,27.3,Moderate,108.67,184.0,92.0,0
32.0,36.1,High,116.67,212.0,98.0,0
80.0,31.2,Moderate,127.33,251.0,119.0,0
71.0,20.2,Moderate,121.33,218.0,96.0,0
21.0,23.5,Moderate,111.33,218.0,91.0,0
28.0,23.0,High,114.0,158.0,90.0,0
33.0,28.1,Moderate,112.67,170.0,94.0,0
71.0,26.9,Moderate,139.33,143.0,83.0,0
56.0,,Low,132.67,150.0,106.0,0
24.0,29.5,Low,98.67,164.0,96.0,0
51.0,21.3,Low,126.0,220.0,96.0,0
71.0,43.0,Moderate,115.33,130.0,104.0,1
79.0,36.2,Moderate,110.67,200.0,103.0,0
20.0,21.9,Moderate,105.33,137.0,82.0,0
74.0,,Low,143.33,182.0,93.0,0
52.0,49.2,Moderate,145.33,230.0,97.0,0
32.0,30.6,High,128.67,294.0,104.0,0
66.0,33.3,Moderate,102.0,170.0,108.0,1
56.0,31.6,High,154.67,216.0,111.0,0
43.0,19.8,Moderate,128.0,196.0,86.0,0
51.0,21.0,Low,128.67,227.0,105.0,0
63.0,31.8,Low,168.67,252.0,96.0,0
55.0,19.9,Low,138.0,232.0,91.0,0
29.0,16.8,Low,,140.0,96.0,0
23.0,28.2,Low,118.67,166.0,92.0,0
56.0,27.3,High,117.33,210.0,92.0,0
39.0,27.3,High,130.67,180.0,91.0,0
66.0,38.7,Moderate,,196.0,98.0,0
26.0,45.1,Moderate,117.33,141.0,104.0,0
36.0,31.0,Low,98.67,191.0,73.0,0
65.0,22.2,Low,175.33,164.0,158.0,1
32.0,27.6,High,118.0,232.0,80.0,0
47.0,28.7,Moderate,112.0,226.0,108.0,1
66.0,22.9,Low,132.67,204.0,98.0,0
67.0,30.4,Low,122.0,188.0,109.0,0
20.0,18.1,Low,112.0,180.0,93.0,0
44.0,28.9,High,126.67,234.0,123.0,0
27.0,39.8,Low,105.33,245.0,103.0,0
51.0,47.7,Low,121.33,139.0,99.0,0
35.0,22.7,Low,115.33,254.0,91.0,0
77.0,23.6,Moderate,138.67,141.0,51.0,1
46.0,33.9,Low,129.33,262.0,101.0,0
36.0,21.8,Moderate,107.33,184.0,89.0,0
62.0,24.4,Low,152.67,188.0,97.0,0
51.0,34.7,Low,,219.0,109.0,0
29.0,20.9,High,94.0,148.0,87.0,0
62.0,44.9,High,112.0,185.0,95.0,0
49.0,28.3,Low,123.33,221.0,98.0,0
58.0,42.7,Low,156.67,176.0,106.0,0
27.0,47.8,Moderate,124.0,203.0,105.0,0
26.0,21.3,High,114.0,120.0,95.0,0
80.0,27.9,Low,167.33,167.0,85.0,0
50.0,32.4,Moderate,110.0,205.0,96.0,0
80.0,31.4,Low,118.67,155.0,125.0,1
62.0,33.3,Moderate,118.67,136.0,328.0,1
60.0,27.8,Moderate,110.0,172.0,159.0,0
22.0,19.7,High,125.33,185.0,96.0,0
80.0,18.9,Low,146.0,246.0,109.0,0
68.0,19.7,Moderate,136.0,160.0,99.0,0
79.0,43.1,Low,142.0,205.0,125.0,0
44.0,28.5,Low,112.67,186.0,110.0,0
46.0,21.7,Moderate,117.33,169.0,111.0,0
33.0,38.5,Low,139.33,183.0,96.0,0
43.0,28.6,High,104.67,250.0,81.0,0
41.0,25.8,High,110.67,261.0,110.0,0
56.0,27.2,Moderate,112.67,210.0,93.0,0
70.0,26.3,Moderate,122.0,145.0,104.0,0
45.0,28.1,High,142.0,157.0,97.0,0
57.0,29.0,Low,107.33,235.0,104.0,0
52.0,30.2,Low,,157.0,96.0,0
74.0,26.4,Low,70.67,164.0,98.0,0
70.0,22.6,Moderate,128.0,137.0,105.0,1
24.0,30.5,Low,121.33,203.0,96.0,0
28.0,43.2,Moderate,,222.0,99.0,0
25.0,23.7,High,102.67,171.0,86.0,0
26.0,25.0,High,109.33,138.0,80.0,0
51.0,36.8,Moderate,111.33,180.0,97.0,0
77.0,35.7,Low,104.0,207.0,117.0,0
29.0,20.9,High,92.67,157.0,91.0,0
23.0,25.1,Moderate,110.67,167.0,99.0,0
49.0,28.5,Low,124.67,248.0,92.0,0
28.0,19.7,Low,125.33,199.0,101.0,0
37.0,21.5,Low,,204.0,92.0,0
80.0,29.0,Low,166.67,190.0,114.0,0
56.0,51.3,Low,136.0,207.0,86.0,0
47.0,33.6,High,101.33,230.0,109.0,0
22.0,27.6,Low,134.67,259.0,84.0,0
31.0,28.0,Moderate,107.33,170.0,88.0,0
38.0,24.3,Low,147.33,123.0,84.0,0
63.0,30.0,Moderate,122.67,215.0,114.0,0
64.0,34.0,Low,119.33,183.0,102.0,0
61.0,43.3,Moderate,143.33,188.0,110.0,0
45.0,29.4,Moderate,130.67,209.0,118.0,0
45.0,32.9,Low,124.67,197.0,155.0,1
80.0,30.8,Low,166.67,183.0,117.0,1
34.0,27.8,Low,104.0,166.0,104.0,0
68.0,21.6,Moderate,118.67,211.0,100.0,0
78.0,30.4,Moderate,131.33,198.0,124.0,0
29.0,33.2,High,129.33,253.0,96.0,0
47.0,36.6,Low,122.0,166.0,96.0,0
80.0,25.8,High,117.33,185.0,110.0,0
48.0,29.1,Moderate,121.33,252.0,297.0,1
80.0,29.9,Low,150.0,232.0,170.0,1
21.0,44.1,Low,115.33,193.0,90.0,0
61.0,25.8,Moderate,144.67,209.0,101.0,0
51.0,32.5,Low,112.0,214.0,94.0,0
45.0,26.3,Low,,195.0,91.0,0
72.0,27.5,Low,134.0,146.0,106.0,0
25.0,27.1,High,133.33,183.0,99.0,0
65.0,44.6,Low,163.33,164.0,208.0,0
65.0,28.2,High,110.67,170.0,125.0,1
23.0,31.5,Low,140.67,133.0,79.0,0
75.0,22.4,Low,152.0,,109.0,1
43.0,20.8,Low,134.67,132.0,84.0,0
32.0,21.6,Moderate,108.0,168.0,94.0,0
44.0,33.0,Low,113.33,184.0,86.0,0
28.0,26.7,Low,104.0,153.0,99.0,0
40.0,26.9,Low,99.33,227.0,81.0,0
66.0,23.9,Moderate,129.33,166.0,107.0,0
55.0,40.0,Low,92.67,271.0,95.0,0
63.0,26.8,High,116.67,170.0,87.0,0
60.0,41.1,Low,89.33,135.0,120.0,1
74.0,30.2,Low,128.0,150.0,135.0,1
73.0,24.0,High,137.33,149.0,122.0,0
45.0,29.2,Low,148.0,171.0,85.0,0
46.0,26.8,High,95.33,177.0,87.0,0
35.0,27.6,Low,134.0,154.0,94.0,0
80.0,25.5,Low,116.0,119.0,130.0,1
37.0,58.9,Low,127.33,186.0,100.0,0
51.0,28.1,Low,128.67,210.0,108.0,0
33.0,31.2,High,120.0,189.0,91.0,0
49.0,20.0,Moderate,122.0,184.0,116.0,0
56.0,33.3,Low,130.67,187.0,127.0,0
40.0,34.2,High,118.0,233.0,98.0,0
29.0,30.6,Low,112.0,150.0,86.0,0
52.0,18.1,Moderate,124.0,137.0,81.0,0
80.0,24.6,Low,162.0,164.0,106.0,1
80.0,24.2,Low,127.33,208.0,96.0,0
21.0,22.2,Moderate,108.0,142.0,85.0,0
39.0,31.5,Low,120.67,184.0,104.0,0
56.0,27.6,High,109.33,251.0,102.0,0
62.0,33.8,High,114.67,296.0,101.0,0
68.0,33.4,Moderate,90.0,143.0,117.0,0
54.0,33.4,High,118.67,230.0,100.0,0
76.0,23.0,Low,155.33,141.0,140.0,1
36.0,24.6,Moderate,104.67,166.0,103.0,0
53.0,32.4,Low,107.33,234.0,111.0,1
27.0,32.8,Low,112.67,164.0,98.0,0
64.0,27.0,High,122.67,258.0,90.0,0
57.0,33.1,Low,142.0,230.0,92.0,0
73.0,31.5,Low,140.67,193.0,116.0,0
22.0,34.6,Moderate,101.33,169.0,83.0,0
64.0,20.3,Moderate,151.33,239.0,106.0,0
36.0,34.8,High,130.0,277.0,95.0,0
53.0,37.1,Moderate,141.33,195.0,107.0,0
53.0,34.7,Low,138.67,174.0,112.0,0
33.0,26.8,Low,105.33,183.0,91.0,0
21.0,22.5,High,112.67,198.0,89.0,0
62.0,25.2,Moderate,132.0,198.0,107.0,0
64.0,28.3,Low,116.0,171.0,86.0,0
78.0,30.6,Moderate,124.67,211.0,102.0,0
59.0,31.2,Moderate,147.33,215.0,109.0,0
39.0,45.5,High,110.0,270.0,165.0,1
45.0,38.8,Low,132.0,200.0,109.0,0
80.0,,Low,132.0,253.0,97.0,0
38.0,33.4,High,124.0,248.0,94.0,0
59.0,26.6,Low,138.0,190.0,97.0,0
36.0,27.7,High,100.0,162.0,90.0,0
51.0,29.8,Low,114.0,257.0,103.0,0
80.0,23.7,Moderate,161.33,,89.0,0
26.0,29.9,Low,124.67,212.0,92.0,0
67.0,48.1,Low,118.67,168.0,175.0,1
47.0,28.5,High,,206.0,87.0,0
21.0,23.6,Moderate,129.33,172.0,85.0,0
47.0,32.1,Moderate,132.0,233.0,107.0,0
38.0,35.9,High,157.33,207.0,103.0,0
20.0,25.6,High,107.33,168.0,107.0,0
80.0,22.3,Low,145.33,207.0,98.0,0
58.0,25.2,Low,115.33,177.0,102.0,0
40.0,33.4,Moderate,119.33,227.0,90.0,0
50.0,28.6,High,106.0,176.0,92.0,0
36.0,24.5,Low,116.67,211.0,101.0,0
39.0,31.8,High,114.67,187.0,100.0,0
24.0,38.9,Moderate,110.0,181.0,105.0,0
57.0,24.6,Low,112.67,232.0,90.0,0
50.0,17.9,Low,112.0,161.0,95.0,0
70.0,31.3,High,150.67,278.0,94.0,0
48.0,27.2,High,99.33,212.0,103.0,0
49.0,28.1,Low,104.67,188.0,93.0,0
24.0,35.1,High,125.33,130.0,113.0,0
66.0,30.5,Low,123.33,180.0,84.0,0
53.0,26.8,Moderate,129.33,119.0,106.0,0
32.0,27.1,Low,119.33,159.0,99.0,0
52.0,27.1,Moderate,113.33,202.0,95.0,0
80.0,28.2,Moderate,106.67,198.0,115.0,0
44.0,30.4,High,104.0,167.0,75.0,0
36.0,27.4,High,92.67,182.0,90.0,0
33.0,32.8,High,,171.0,98.0,0
46.0,31.2,Low,131.33,235.0,93.0,0
48.0,33.6,High,120.0,210.0,95.0,0
22.0,25.4,Low,93.33,194.0,97.0,0
47.0,35.8,Moderate,136.67,257.0,98.0,0
36.0,22.2,High,108.67,139.0,95.0,0
48.0,50.2,Low,127.33,134.0,114.0,0
20.0,17.3,High,111.33,160.0,87.0,0
63.0,26.1,Moderate,140.67,212.0,106.0,1
66.0,28.2,Moderate,140.0,179.0,83.0,0
47.0,26.3,High,,103.0,100.0,0
38.0,37.2,Moderate,107.33,183.0,94.0,0
51.0,35.1,Low,142.67,227.0,81.0,0
52.0,19.6,Moderate,105.33,214.0,95.0,0
80.0,37.1,Moderate,148.0,306.0,101.0,0
69.0,29.0,Low,127.33,163.0,126.0,1
63.0,27.2,Low,106.0,129.0,118.0,0
27.0,26.1,High,126.0,171.0,91.0,0
54.0,22.8,Moderate,130.67,211.0,92.0,0
55.0,33.8,Low,115.33,289.0,101.0,0
66.0,29.4,Low,134.0,177.0,92.0,0
44.0,26.9,High,110.0,163.0,91.0,0
74.0,36.0,Low,128.67,201.0,198.0,0
76.0,35.1,Low,140.67,165.0,117.0,0
47.0,27.7,Low,138.0,149.0,99.0,0
25.0,32.9,High,110.0,99.0,94.0,0
26.0,23.8,High,106.0,239.0,95.0,0
55.0,34.3,High,128.0,172.0,108.0,0
80.0,30.5,Low,119.33,204.0,102.0,0
80.0,26.6,High,138.0,95.0,174.0,1
64.0,34.3,Moderate,112.0,259.0,103.0,0
35.0,37.2,High,131.33,207.0,92.0,0
59.0,30.1,Moderate,105.33,165.0,90.0,1
45.0,26.6,Low,105.33,176.0,98.0,0
24.0,23.3,Low,102.0,210.0,103.0,0
33.0,26.3,Moderate,113.33,151.0,86.0,0
49.0,43.1,Low,186.0,199.0,185.0,1
39.0,24.8,Low,100.0,156.0,91.0,0
34.0,25.7,Low,115.33,203.0,114.0,0
42.0,36.1,Moderate,126.0,207.0,102.0,0
68.0,27.4,Low,115.33,196.0,99.0,0
64.0,24.7,Low,,234.0,97.0,0
76.0,25.6,Low,130.67,113.0,119.0,1
43.0,37.6,Low,96.67,101.0,117.0,1
64.0,29.7,High,135.33,312.0,120.0,0
40.0,18.9,Moderate,105.33,174.0,93.0,0
35.0,33.7,High,121.33,163.0,97.0,0
59.0,24.4,Moderate,115.33,214.0,95.0,0
41.0,28.4,Low,118.0,250.0,99.0,0
57.0,34.5,Low,132.0,252.0,100.0,1
64.0,43.2,Low,158.67,245.0,153.0,1
65.0,24.2,Low,152.0,217.0,105.0,0
55.0,26.6,Moderate,111.33,231.0,97.0,0
54.0,33.7,Low,120.67,238.0,96.0,0
39.0,35.1,Low,142.67,142.0,95.0,0
65.0,26.7,Low,144.67,176.0,105.0,0
69.0,29.6,Moderate,104.67,209.0,93.0,0
27.0,30.0,Low,115.33,193.0,94.0,0
29.0,23.9,High,98.67,235.0,83.0,0
63.0,46.4,Low,137.33,159.0,107.0,0
23.0,22.8,Low,109.33,143.0,86.0,0
22.0,31.1,High,121.33,163.0,98.0,0
44.0,30.2,Low,129.33,246.0,96.0,0
21.0,21.3,Moderate,130.67,163.0,100.0,0
80.0,25.5,Moderate,135.33,201.0,114.0,1
80.0,28.2,High,164.0,193.0,98.0,0
70.0,48.3,Low,145.33,205.0,135.0,0
22.0,20.7,High,112.67,162.0,96.0,0
68.0,17.6,Low,170.0,192.0,111.0,0
42.0,37.4,Moderate,118.0,164.0,105.0,0
21.0,31.2,Low,128.67,200.0,96.0,0
72.0,37.8,Low,113.33,153.0,108.0,0
48.0,17.3,Low,154.0,176.0,114.0,0
25.0,43.3,Moderate,107.33,152.0,98.0,0
59.0,21.4,Moderate,153.33,245.0,101.0,0
26.0,36.0,High,113.33,135.0,102.0,0
67.0,28.7,Low,119.33,167.0,92.0,0
25.0,29.0,Moderate,108.0,194.0,91.0,0
80.0,35.8,Moderate,150.0,200.0,89.0,0
64.0,29.8,Low,103.33,207.0,115.0,0
34.0,30.4,Moderate,114.0,211.0,107.0,0
24.0,21.3,Moderate,116.67,166.0,104.0,0
43.0,35.5,Moderate,117.33,214.0,82.0,0
44.0,29.6,High,110.0,193.0,108.0,0
80.0,31.7,Low,117.33,146.0,129.0,1
41.0,28.6,High,124.67,183.0,91.0,0
54.0,24.5,Low,109.33,221.0,98.0,0
80.0,31.5,Low,148.67,173.0,122.0,0
29.0,21.5,Moderate,104.0,157.0,94.0,0
51.0,34.5,Low,119.33,164.0,108.0,0
66.0,25.8,High,132.67,197.0,109.0,0
61.0,24.1,High,127.33,175.0,95.0,0
25.0,21.6,High,112.0,154.0,98.0,0
52.0,44.4,Low,179.33,180.0,178.0,1
69.0,32.0,Low,128.0,215.0,97.0,0
54.0,28.7,Low,139.33,161.0,113.0,0
61.0,29.2,Moderate,120.67,151.0,170.0,1
46.0,29.9,Moderate,136.67,205.0,93.0,0
43.0,50.7,Low,122.67,204.0,116.0,0
36.0,28.6,Low,146.67,209.0,133.0,0
31.0,34.3,High,106.67,206.0,88.0,0
30.0,31.8,Low,93.33,166.0,100.0,0
62.0,33.5,Moderate,140.0,209.0,113.0,1
27.0,45.7,Moderate,127.33,134.0,87.0,0
23.0,21.2,High,109.33,151.0,87.0,0
61.0,39.9,Low,116.67,196.0,97.0,0
64.0,27.5,Low,151.33,202.0,99.0,0
44.0,27.0,Moderate,,170.0,85.0,0
63.0,22.8,Moderate,112.67,195.0,97.0,0
59.0,22.5,Moderate,111.33,232.0,99.0,0
33.0,25.4,Low,116.67,138.0,87.0,0
71.0,27.2,Moderate,120.0,193.0,100.0,0
56.0,25.9,High,152.0,214.0,135.0,1
80.0,23.7,Moderate,92.67,162.0,94.0,0
51.0,37.2,Moderate,120.67,203.0,103.0,0
39.0,25.8,Low,107.33,237.0,158.0,1
61.0,41.4,Moderate,132.67,211.0,108.0,0
25.0,20.9,High,102.67,140.0,79.0,0
51.0,21.1,Moderate,128.0,188.0,110.0,0
57.0,27.2,Moderate,118.67,124.0,112.0,0
27.0,29.3,High,111.33,181.0,109.0,0
66.0,43.1,Low,132.0,119.0,116.0,1
75.0,26.8,Low,135.33,240.0,94.0,0
67.0,23.9,Low,142.67,131.0,130.0,1
25.0,34.0,Low,118.67,115.0,96.0,0
44.0,31.7,High,114.67,166.0,123.0,1
49.0,31.1,Low,118.67,187.0,103.0,0
20.0,31.3,High,,217.0,111.0,0
58.0,55.7,Low,121.33,139.0,184.0,1
39.0,35.6,Moderate,102.67,213.0,90.0,0
36.0,31.3,High,116.67,222.0,94.0,0
21.0,20.7,High,119.33,163.0,90.0,0
20.0,33.5,Low,102.67,145.0,94.0,0
74.0,27.2,Low,134.67,187.0,114.0,0
66.0,33.2,Low,,214.0,95.0,1
38.0,18.6,High,114.0,164.0,99.0,0
50.0,32.8,Low,140.67,255.0,93.0,0
66.0,25.4,Low,154.0,172.0,99.0,0
51.0,19.7,High,119.33,153.0,103.0,0
57.0,27.0,Low,114.0,163.0,93.0,0
68.0,28.5,Low,132.67,173.0,267.0,0
67.0,38.4,Low,128.0,230.0,194.0,1
47.0,26.9,High,134.67,184.0,381.0,1
69.0,19.3,High,132.67,224.0,102.0,0
26.0,22.0,Low,104.0,174.0,96.0,0
62.0,29.1,High,130.0,200.0,93.0,0
80.0,25.6,Moderate,118.0,210.0,82.0,0
56.0,29.2,Low,120.67,152.0,256.0,1
55.0,34.0,Low,122.67,183.0,102.0,0
30.0,31.8,Low,113.33,128.0,100.0,0
59.0,26.9,Moderate,118.67,204.0,99.0,0
21.0,37.0,Low,120.67,147.0,88.0,0
60.0,42.4,Low,106.67,156.0,267.0,1
72.0,27.8,Low,131.33,280.0,175.0,0
35.0,35.8,Low,116.0,180.0,91.0,0
70.0,39.8,Low,134.0,140.0,124.0,1
69.0,26.5,Low,122.67,185.0,129.0,1
28.0,21.3,Low,113.33,195.0,94.0,0
44.0,26.1,Moderate,101.33,182.0,86.0,0
31.0,33.8,Moderate,143.33,230.0,95.0,0
64.0,22.2,Low,124.67,256.0,108.0,0
27.0,29.2,Low,106.0,165.0,99.0,0
29.0,31.6,High,116.0,166.0,108.0,0
23.0,20.4,Low,120.0,197.0,99.0,0
57.0,33.1,Low,118.0,191.0,140.0,1
58.0,24.3,Low,162.0,195.0,99.0,0
34.0,22.5,High,134.67,174.0,103.0,0
22.0,34.8,High,136.67,167.0,104.0,0
62.0,23.6,Low,126.0,211.0,91.0,0
59.0,44.9,Low,113.33,200.0,105.0,0
50.0,23.7,Low,114.67,154.0,83.0,0
44.0,32.6,Moderate,142.67,175.0,84.0,0
30.0,21.7,Low,111.33,159.0,91.0,0
35.0,41.1,Moderate,122.0,136.0,96.0,0
54.0,23.9,Low,124.0,188.0,156.0,0
32.0,32.6,High,119.33,251.0,103.0,0
55.0,35.3,Moderate,113.33,254.0,77.0,0
20.0,22.4,Moderate,114.67,199.0,94.0,0
36.0,25.9,Moderate,105.33,144.0,83.0,0
72.0,24.4,Low,,155.0,120.0,0
55.0,28.7,Moderate,119.33,199.0,99.0,1
47.0,20.6,High,108.67,197.0,96.0,0
61.0,31.3,Low,120.0,139.0,143.0,1
80.0,25.1,Low,109.33,137.0,104.0,0
41.0,23.9,Low,97.33,190.0,97.0,0
72.0,31.6,Low,126.0,234.0,83.0,0
58.0,27.5,Low,111.33,134.0,123.0,1
28.0,27.1,High,92.67,213.0,85.0,0
79.0,30.6,Low,140.0,184.0,101.0,0
53.0,16.9,Moderate,122.0,297.0,101.0,0
28.0,41.5,Moderate,112.67,244.0,88.0,0
34.0,19.3,Moderate,108.67,196.0,90.0,0
43.0,28.6,Low,104.0,156.0,94.0,0
70.0,33.6,Moderate,107.33,120.0,162.0,1
34.0,29.4,Low,117.33,218.0,102.0,0
55.0,24.5,Low,147.33,198.0,99.0,0
80.0,26.2,High,111.33,129.0,104.0,0
41.0,28.0,Low,127.33,94.0,124.0,0
23.0,26.9,High,124.67,170.0,102.0,0
37.0,20.7,Low,106.0,182.0,108.0,0
28.0,28.7,Moderate,107.33,200.0,84.0,0
60.0,40.7,High,134.67,185.0,107.0,0
27.0,32.6,High,117.33,166.0,120.0,0
57.0,23.8,Moderate,105.0,178.0,85.0,0
21.0,26.8,Low,108.0,133.0,86.0,0
25.0,23.3,Moderate,102.67,172.0,98.0,0
56.0,55.6,Moderate,157.33,208.0,129.0,0
43.0,31.3,Low,138.67,217.0,99.0,0
80.0,26.2,Moderate,128.0,239.0,94.0,0
26.0,28.6,Moderate,106.0,143.0,96.0,0
21.0,24.2,High,111.33,126.0,90.0,0
28.0,20.4,Low,117.33,159.0,109.0,0
39.0,18.4,Low,110.0,199.0,89.0,0
77.0,34.2,Moderate,119.33,193.0,108.0,0
32.0,36.1,High,112.0,211.0,107.0,0
76.0,30.2,Low,130.0,138.0,123.0,0
65.0,27.7,Low,136.67,207.0,117.0,0
80.0,25.0,Low,125.33,161.0,99.0,0
30.0,20.6,High,102.0,197.0,71.0,0
46.0,26.4,Low,108.0,262.0,80.0,0
40.0,31.1,Moderate,103.33,233.0,94.0,0
32.0,25.1,High,111.33,170.0,77.0,0
36.0,27.1,Low,109.33,160.0,93.0,0
29.0,25.8,High,112.67,178.0,100.0,0
76.0,21.6,Moderate,135.33,189.0,86.0,0
71.0,21.5,High,158.67,165.0,99.0,0
30.0,29.5,Low,112.0,252.0,103.0,0
31.0,24.9,Moderate,110.67,139.0,85.0,0
71.0,38.2,Low,137.33,179.0,155.0,1
31.0,23.9,Moderate,113.33,135.0,95.0,0
75.0,20.3,Moderate,147.33,202.0,92.0,0
40.0,20.2,Low,111.33,214.0,107.0,0
32.0,21.0,High,114.67,183.0,82.0,0
34.0,28.5,Low,106.0,192.0,85.0,0
61.0,28.2,Moderate,124.0,157.0,96.0,0
76.0,27.4,Low,172.67,197.0,106.0,0
58.0,54.9,Low,,183.0,109.0,0
32.0,28.2,Low,102.67,145.0,89.0,0
31.0,27.6,Moderate,113.33,182.0,88.0,0
31.0,36.7,Low,116.67,191.0,92.0,0
29.0,17.3,Low,100.67,200.0,107.0,0
40.0,25.7,High,116.0,170.0,96.0,0
51.0,25.3,High,112.67,211.0,96.0,0
57.0,24.9,Low,121.33,222.0,95.0,0
69.0,33.7,Low,106.67,161.0,151.0,1
60.0,37.7,Moderate,126.0,152.0,131.0,0
54.0,26.9,Low,126.67,203.0,94.0,0
50.0,28.5,Low,150.0,209.0,115.0,0
22.0,19.2,High,116.67,169.0,86.0,0
30.0,38.7,Low,144.67,212.0,97.0,0
26.0,22.8,High,104.0,184.0,103.0,0
44.0,30.7,Low,146.67,159.0,109.0,0
34.0,23.5,Moderate,108.0,148.0,89.0,0
73.0,25.9,Low,149.33,144.0,107.0,0
21.0,20.2,Low,116.67,137.0,100.0,0
70.0,33.5,Low,145.33,115.0,188.0,1
45.0,44.9,Low,110.67,169.0,87.0,0
35.0,27.1,Moderate,117.33,189.0,89.0,0
48.0,30.9,Low,122.67,219.0,101.0,0
66.0,22.3,High,117.33,158.0,105.0,0
20.0,36.1,Low,114.0,138.0,97.0,1
39.0,32.4,Low,107.33,231.0,96.0,0
22.0,17.0,Low,106.0,112.0,331.0,1
49.0,26.5,Low,106.0,144.0,105.0,0
40.0,27.2,High,102.0,155.0,96.0,0
74.0,34.2,High,146.67,263.0,123.0,0
47.0,34.0,Low,126.67,181.0,102.0,0
58.0,27.8,Low,144.0,154.0,99.0,0
56.0,26.0,High,106.67,210.0,131.0,0
39.0,20.9,High,118.0,244.0,85.0,0
80.0,32.4,Moderate,104.67,159.0,94.0,0
60.0,38.0,Moderate,122.67,158.0,130.0,1
32.0,50.5,Low,134.67,147.0,93.0,0
68.0,28.2,Low,,173.0,100.0,0
55.0,23.9,Low,128.67,190.0,112.0,0
72.0,28.6,Low,121.33,155.0,99.0,0
75.0,29.4,Moderate,134.67,179.0,215.0,1
34.0,40.1,Moderate,119.33,222.0,95.0,0
43.0,30.0,Low,105.33,231.0,93.0,0
55.0,20.7,Moderate,98.0,210.0,98.0,0
80.0,25.3,Low,119.33,179.0,119.0,0
21.0,20.2,Low,110.0,161.0,90.0,0
55.0,33.2,Low,120.67,284.0,84.0,0
48.0,27.5,Low,,228.0,112.0,0
66.0,32.5,Low,122.67,191.0,237.0,1
45.0,31.5,Moderate,152.67,150.0,80.0,0
56.0,39.1,Moderate,101.33,221.0,120.0,1
38.0,30.4,Moderate,120.0,156.0,89.0,0
43.0,47.5,Low,116.67,171.0,127.0,0
53.0,35.9,Moderate,121.33,163.0,106.0,0
56.0,25.8,Low,142.0,203.0,100.0,0
74.0,24.9,Low,160.67,174.0,123.0,1
40.0,34.8,Moderate,111.33,180.0,111.0,1
61.0,34.8,Moderate,167.33,193.0,124.0,0
59.0,50.4,High,134.67,138.0,91.0,0
50.0,31.4,High,103.33,178.0,97.0,0
27.0,18.6,Low,102.67,167.0,110.0,0
50.0,26.7,Low,115.33,256.0,84.0,0
20.0,22.7,High,126.0,143.0,96.0,0
80.0,20.2,Low,137.33,193.0,99.0,0
63.0,43.1,Low,171.0,171.0,122.0,1
28.0,21.8,Moderate,98.67,169.0,93.0,0
61.0,27.0,Moderate,152.67,178.0,89.0,0
42.0,36.2,Low,103.33,137.0,113.0,0
42.0,32.2,Moderate,115.33,253.0,113.0,0
80.0,31.3,Low,118.67,121.0,94.0,0
29.0,29.1,Low,114.67,89.0,115.0,0
40.0,23.6,High,110.67,270.0,92.0,0
24.0,24.4,High,125.33,127.0,85.0,0
57.0,38.9,Low,145.33,196.0,102.0,0
28.0,33.6,Moderate,126.0,171.0,88.0,0
43.0,27.8,Low,,191.0,95.0,0
66.0,23.5,Low,138.0,179.0,103.0,0
41.0,21.5,Moderate,118.0,194.0,105.0,0
50.0,22.4,Low,101.33,176.0,92.0,0
38.0,23.8,High,114.0,172.0,98.0,0
45.0,31.0,Low,121.33,194.0,105.0,0
40.0,,High,,146.0,197.0,1
63.0,25.2,Low,122.0,240.0,97.0,0
43.0,29.0,Low,129.33,145.0,250.0,1
64.0,27.5,Moderate,114.67,223.0,108.0,0
80.0,22.4,Low,,208.0,102.0,0
43.0,38.3,High,109.33,152.0,96.0,0
38.0,41.7,Low,114.0,180.0,110.0,1
43.0,35.4,Low,102.0,194.0,94.0,0
23.0,26.6,Moderate,102.67,222.0,100.0,0
73.0,29.1,Low,106.0,201.0,95.0,0
42.0,29.6,Moderate,96.67,203.0,97.0,0
20.0,21.9,Moderate,110.0,140.0,94.0,0
36.0,24.7,High,108.67,190.0,102.0,0
21.0,,High,116.67,213.0,92.0,0
57.0,28.0,Low,116.67,190.0,114.0,0
23.0,18.8,High,106.67,153.0,104.0,0
80.0,26.2,Moderate,178.0,174.0,95.0,1
80.0,28.3,Moderate,148.67,201.0,98.0,0
59.0,24.7,Moderate,109.33,309.0,103.0,0
50.0,30.9,High,127.33,223.0,94.0,0
48.0,23.4,High,140.67,165.0,93.0,0
31.0,,Moderate,108.0,144.0,85.0,0
69.0,25.8,Low,134.67,148.0,104.0,0
63.0,21.8,Low,130.67,215.0,101.0,0
44.0,27.2,Low,114.0,181.0,99.0,0
64.0,27.7,Moderate,131.33,285.0,114.0,0
78.0,23.9,Low,119.33,203.0,98.0,0
51.0,21.9,High,92.0,240.0,57.0,0
80.0,21.8,Moderate,130.67,220.0,86.0,0
34.0,25.2,Low,113.33,194.0,101.0,0
69.0,34.1,Moderate,177.33,217.0,107.0,0
71.0,23.1,Low,116.0,156.0,90.0,0
73.0,26.0,Low,133.33,176.0,99.0,0
49.0,22.5,Low,116.67,158.0,152.0,1
52.0,41.3,Low,128.0,184.0,131.0,1
68.0,24.2,High,110.67,188.0,90.0,0
23.0,27.3,Moderate,97.33,121.0,86.0,0
24.0,21.2,High,102.0,170.0,74.0,0
52.0,30.8,Low,113.33,228.0,233.0,1
52.0,33.5,Low,107.33,155.0,90.0,0
26.0,20.4,High,104.67,181.0,90.0,0
68.0,22.6,Moderate,126.67,199.0,92.0,0
43.0,22.4,High,104.67,166.0,76.0,0
80.0,,Low,108.0,116.0,126.0,0
52.0,33.1,Low,146.67,221.0,79.0,0
36.0,19.5,Moderate,103.33,176.0,86.0,0
69.0,33.8,Low,132.0,153.0,98.0,0
26.0,27.4,Moderate,108.0,244.0,92.0,0
40.0,28.1,Low,108.0,177.0,108.0,0
62.0,33.0,Low,112.67,147.0,167.0,1
74.0,26.6,Low,132.0,104.0,95.0,0
70.0,25.0,Low,138.67,252.0,110.0,0
56.0,24.6,Moderate,102.0,195.0,102.0,0
22.0,21.3,Low,97.33,160.0,81.0,0
54.0,27.8,Low,142.0,230.0,100.0,0
64.0,23.2,Moderate,142.67,206.0,94.0,0
64.0,50.8,Low,130.0,213.0,109.0,0
41.0,,High,95.33,164.0,93.0,0
80.0,28.0,Low,130.0,190.0,125.0,0
38.0,21.2,Low,118.0,160.0,92.0,0
67.0,33.1,Low,127.33,145.0,127.0,0
46.0,33.3,Low,119.33,173.0,106.0,0
41.0,29.3,Low,104.67,150.0,81.0,0
40.0,25.0,Low,,238.0,72.0,0
39.0,24.8,Low,110.67,183.0,103.0,0
21.0,19.5,Low,96.67,144.0,82.0,0
41.0,43.3,Moderate,160.0,210.0,248.0,1
69.0,,Low,122.0,211.0,103.0,0
31.0,21.3,High,108.0,174.0,99.0,0
51.0,27.4,Moderate,122.67,289.0,119.0,0
76.0,31.3,Moderate,132.0,140.0,106.0,0
80.0,37.2,Low,122.67,172.0,101.0,0
48.0,24.4,Low,122.0,217.0,95.0,0
29.0,20.7,Low,108.67,195.0,85.0,0
42.0,35.7,Low,114.0,150.0,89.0,0
63.0,32.8,Moderate,150.0,205.0,100.0,0
42.0,45.3,Low,113.33,173.0,103.0,0
40.0,25.1,Moderate,107.33,126.0,98.0,0
41.0,35.3,Moderate,137.33,182.0,104.0,0
59.0,23.2,Low,112.67,224.0,84.0,0
71.0,23.9,Low,126.0,222.0,79.0,0
65.0,26.0,Moderate,111.33,211.0,103.0,0
52.0,22.1,High,118.67,197.0,99.0,0
45.0,21.1,High,140.67,241.0,91.0,0
63.0,22.8,Low,162.0,207.0,128.0,0
40.0,25.3,Low,96.0,212.0,78.0,0
48.0,24.0,High,108.67,195.0,153.0,1
69.0,37.5,Low,131.33,,147.0,1
79.0,24.0,Low,109.33,89.0,102.0,1
38.0,26.1,Low,135.33,119.0,98.0,0
58.0,43.8,Low,125.33,200.0,101.0,0
36.0,27.8,Low,138.0,141.0,97.0,0
50.0,23.7,Moderate,139.33,175.0,89.0,0
46.0,27.9,Low,128.0,190.0,91.0,0
39.0,32.5,High,142.67,168.0,82.0,0
77.0,38.4,Moderate,110.0,131.0,95.0,0
80.0,35.3,Low,132.0,188.0,123.0,0
58.0,17.3,Low,106.0,165.0,91.0,0
30.0,26.1,Low,100.0,187.0,99.0,0
63.0,23.4,Low,176.0,325.0,97.0,0
55.0,28.0,Low,113.33,225.0,120.0,0
36.0,32.9,Low,109.33,179.0,106.0,0
61.0,21.7,Low,120.0,115.0,106.0,0
76.0,29.0,Low,147.33,227.0,92.0,0
44.0,27.8,Low,157.33,198.0,128.0,0
61.0,25.8,High,112.0,213.0,96.0,0
25.0,30.7,Low,104.67,206.0,83.0,0
71.0,30.7,Low,116.0,155.0,112.0,0
38.0,31.9,Low,120.0,177.0,168.0,1
60.0,16.3,Low,134.0,262.0,98.0,0
36.0,26.5,Low,89.33,205.0,96.0,0
57.0,25.8,Low,128.67,179.0,110.0,0
80.0,20.7,Moderate,228.67,153.0,85.0,1
54.0,19.6,Low,138.0,156.0,96.0,0
54.0,17.2,High,125.33,231.0,92.0,0
23.0,21.0,High,115.33,166.0,92.0,0
40.0,26.9,Low,108.0,209.0,88.0,1
40.0,22.7,High,118.0,205.0,101.0,0
61.0,31.3,Low,129.33,181.0,97.0,0
62.0,26.0,Low,172.0,230.0,102.0,0
35.0,17.4,High,106.0,219.0,97.0,0
73.0,42.0,Low,144.0,162.0,107.0,0
36.0,33.5,Moderate,108.0,188.0,97.0,0
20.0,27.6,High,110.0,135.0,104.0,0
32.0,28.9,Low,111.33,160.0,102.0,0
60.0,28.1,Low,118.0,217.0,101.0,1
80.0,26.5,Low,98.67,166.0,92.0,0
66.0,30.9,Low,120.67,253.0,218.0,1
30.0,37.2,High,140.0,245.0,111.0,0
33.0,36.1,Low,109.33,178.0,94.0,0
51.0,31.3,Moderate,101.33,229.0,93.0,0
20.0,36.1,Moderate,111.33,214.0,81.0,0
62.0,25.9,Low,118.67,151.0,116.0,0
60.0,23.0,High,136.0,141.0,90.0,0
52.0,37.2,Low,140.0,178.0,94.0,0
33.0,31.3,Moderate,103.33,180.0,100.0,0
22.0,23.8,High,118.67,196.0,82.0,0
80.0,,Low,140.67,174.0,129.0,0
37.0,25.7,Moderate,104.0,193.0,97.0,0
57.0,26.9,Low,96.67,119.0,155.0,1
41.0,25.0,Moderate,103.0,150.0,98.0,0
78.0,23.9,Low,140.0,256.0,91.0,0
53.0,30.4,Low,97.33,195.0,101.0,0
36.0,26.7,High,106.67,182.0,87.0,0
80.0,29.3,Low,138.0,200.0,89.0,0
48.0,30.0,Low,129.33,229.0,103.0,0
57.0,21.1,Low,98.0,224.0,99.0,0
39.0,24.1,High,106.67,208.0,89.0,0
35.0,30.1,High,93.33,204.0,97.0,0
34.0,39.2,Low,130.67,174.0,109.0,0
52.0,22.7,Low,120.0,143.0,107.0,0
57.0,27.9,Low,122.67,170.0,104.0,1
69.0,19.3,Moderate,145.33,197.0,96.0,0
21.0,21.3,High,98.0,171.0,109.0,0
80.0,21.6,Low,182.67,179.0,93.0,0
55.0,50.3,Low,115.33,152.0,200.0,1
40.0,34.3,Low,116.0,212.0,261.0,1
80.0,17.7,Moderate,140.0,270.0,96.0,0
45.0,32.8,Low,119.33,225.0,87.0,0
55.0,20.3,Moderate,114.0,189.0,78.0,0
44.0,25.6,Low,134.67,190.0,283.0,1
25.0,20.8,Low,106.0,170.0,81.0,0
52.0,26.1,Moderate,109.33,244.0,93.0,0
34.0,32.2,Low,120.0,230.0,96.0,0
28.0,30.5,Low,108.67,124.0,91.0,0
47.0,31.2,High,126.0,189.0,123.0,0
43.0,29.2,Moderate,126.67,148.0,94.0,0
54.0,21.8,Low,136.0,164.0,94.0,0
65.0,18.6,Moderate,121.33,192.0,93.0,0
55.0,22.0,Low,121.33,211.0,148.0,0
48.0,26.2,High,109.33,216.0,107.0,0
62.0,27.8,Low,140.0,190.0,112.0,0
28.0,26.4,High,103.33,127.0,92.0,0
66.0,30.2,Moderate,143.33,140.0,117.0,1
31.0,35.9,Low,141.33,179.0,92.0,0
21.0,28.2,High,104.0,179.0,84.0,0
45.0,82.9,Moderate,,,100.0,0
80.0,22.1,Moderate,135.33,197.0,100.0,0
69.0,30.7,Low,127.33,200.0,96.0,0
67.0,21.5,Low,144.0,143.0,87.0,0
67.0,34.0,Low,106.67,157.0,165.0,1
26.0,19.5,Moderate,104.0,147.0,75.0,0
25.0,23.3,High,105.33,121.0,89.0,0
46.0,25.7,High,117.33,165.0,126.0,1
75.0,29.4,Moderate,128.67,138.0,101.0,0
63.0,27.4,Low,117.33,242.0,137.0,0
62.0,29.3,Moderate,134.0,182.0,93.0,0
76.0,28.8,Low,119.33,174.0,108.0,0
61.0,49.4,Low,135.33,135.0,229.0,1
27.0,23.9,High,102.0,147.0,88.0,0
58.0,22.8,Low,108.0,237.0,95.0,0
73.0,28.3,High,111.33,225.0,96.0,0
21.0,19.3,High,122.67,178.0,93.0,0
50.0,27.6,Moderate,98.0,263.0,95.0,0
41.0,21.9,Low,116.0,212.0,94.0,0
25.0,23.2,High,107.33,166.0,96.0,0
71.0,28.5,Low,122.67,196.0,159.0,1
27.0,22.2,Low,111.33,184.0,100.0,0
45.0,27.4,Low,135.33,203.0,134.0,0
34.0,21.0,High,127.33,205.0,102.0,0
58.0,34.7,Low,128.0,247.0,107.0,0
47.0,22.3,High,104.67,208.0,94.0,0
20.0,23.1,Low,114.0,162.0,99.0,0
66.0,38.7,Moderate,125.33,187.0,149.0,1
56.0,27.5,Low,131.33,170.0,96.0,0
41.0,31.2,Low,98.67,203.0,331.0,1
80.0,28.1,Low,179.33,151.0,166.0,0
56.0,31.2,Low,96.67,224.0,84.0,0
57.0,32.2,Low,126.67,152.0,106.0,0
60.0,29.8,Low,152.67,230.0,104.0,0
47.0,34.0,Low,,187.0,90.0,0
54.0,28.2,Low,110.67,160.0,112.0,1
73.0,29.4,High,122.67,158.0,115.0,0
20.0,21.4,Low,108.0,90.0,94.0,0
25.0,24.4,High,128.0,141.0,85.0,0
39.0,31.3,Moderate,144.0,145.0,105.0,0
27.0,30.7,High,128.0,212.0,107.0,0
44.0,29.8,Moderate,112.0,165.0,93.0,0
36.0,70.1,Low,130.0,182.0,95.0,0
27.0,25.6,High,120.67,162.0,98.0,0
73.0,26.7,High,121.33,250.0,105.0,0
68.0,24.8,Low,128.67,177.0,92.0,0
22.0,28.6,High,122.0,305.0,257.0,0
36.0,22.8,High,112.0,174.0,93.0,0
30.0,28.6,High,118.67,138.0,95.0,0
61.0,30.6,Low,135.33,152.0,102.0,0
41.0,41.3,High,115.33,184.0,103.0,0
38.0,26.0,High,107.33,171.0,91.0,0
29.0,34.5,Low,105.33,131.0,96.0,0
42.0,28.0,Low,,189.0,89.0,0
67.0,44.0,Moderate,169.33,250.0,99.0,0
24.0,31.9,High,109.33,125.0,75.0,0
23.0,23.0,Low,112.67,127.0,115.0,0
21.0,31.5,Low,98.67,224.0,89.0,0
51.0,25.3,High,104.0,214.0,115.0,0
76.0,42.0,Low,159.33,160.0,96.0,0
20.0,25.9,Low,96.0,164.0,96.0,0
28.0,23.5,Low,118.67,158.0,140.0,0
54.0,26.4,Moderate,113.33,167.0,89.0,0
36.0,44.8,Low,130.67,174.0,94.0,0
30.0,39.9,Moderate,136.0,133.0,100.0,0
80.0,30.7,Moderate,134.67,256.0,94.0,0
78.0,25.5,Moderate,140.67,226.0,95.0,0
53.0,21.8,Moderate,102.0,214.0,78.0,0
80.0,34.0,Low,146.0,,122.0,1
71.0,29.2,Moderate,,149.0,96.0,1
41.0,33.6,Low,134.67,188.0,97.0,0
75.0,40.6,Moderate,118.67,241.0,136.0,0
66.0,50.6,Low,,184.0,124.0,0
23.0,21.8,High,102.0,141.0,100.0,0
60.0,26.1,High,117.33,149.0,98.0,1
46.0,27.6,High,114.67,216.0,105.0,0
52.0,26.4,High,114.0,123.0,106.0,0
31.0,23.4,High,102.67,199.0,99.0,0
44.0,27.9,Low,,191.0,94.0,0
36.0,36.4,High,121.33,217.0,166.0,0
63.0,18.7,Low,108.0,,92.0,0
31.0,24.1,Moderate,98.0,256.0,84.0,0
62.0,25.9,Low,156.67,208.0,113.0,0
80.0,33.8,Moderate,124.0,169.0,209.0,1
80.0,28.5,Low,116.67,185.0,106.0,0
44.0,24.7,Low,124.67,190.0,95.0,0
38.0,22.7,Low,113.33,417.0,104.0,0
44.0,22.0,Low,106.67,126.0,88.0,0
74.0,27.7,Moderate,102.67,125.0,160.0,1
66.0,18.6,Moderate,141.33,161.0,94.0,0
22.0,21.1,Low,94.67,176.0,82.0,0
58.0,26.2,Low,126.67,273.0,90.0,0
58.0,32.0,Moderate,136.67,290.0,101.0,0
41.0,26.1,High,100.67,165.0,95.0,0
64.0,33.1,Low,114.0,191.0,129.0,1
26.0,19.3,Low,128.0,148.0,78.0,0
58.0,27.2,High,110.0,214.0,94.0,0
27.0,29.1,Low,116.67,168.0,95.0,0
62.0,24.4,Low,156.0,207.0,91.0,0
50.0,30.5,Low,146.0,189.0,102.0,0
20.0,18.5,Moderate,95.33,162.0,79.0,0
50.0,36.4,Moderate,106.0,170.0,98.0,0
21.0,19.5,High,92.67,170.0,80.0,0
22.0,29.1,Moderate,103.33,218.0,91.0,0
54.0,29.3,High,112.67,207.0,79.0,0
67.0,37.7,High,131.33,124.0,100.0,0
48.0,29.5,Low,126.67,315.0,95.0,0
59.0,30.0,Low,112.0,236.0,103.0,0
54.0,41.3,High,123.33,216.0,172.0,1
45.0,25.6,Moderate,102.0,167.0,90.0,0
40.0,24.1,Low,122.67,145.0,92.0,0
80.0,22.5,Moderate,154.0,185.0,85.0,0
80.0,25.4,Low,120.67,144.0,95.0,0
59.0,24.6,High,133.33,196.0,89.0,0
31.0,31.8,Low,104.67,156.0,97.0,0
55.0,42.0,Low,135.33,222.0,86.0,0
43.0,28.2,Moderate,132.67,166.0,97.0,0
53.0,31.5,Low,145.33,231.0,111.0,0
80.0,25.9,Moderate,109.33,190.0,104.0,0
80.0,21.8,Moderate,126.0,127.0,96.0,0
47.0,24.4,Moderate,117.33,188.0,87.0,0
65.0,36.5,Low,146.0,135.0,149.0,1
80.0,24.7,Low,174.0,263.0,95.0,0
23.0,23.8,High,126.0,182.0,90.0,0
43.0,25.9,Moderate,123.33,139.0,110.0,0
60.0,24.7,High,124.0,253.0,89.0,0
69.0,27.9,Moderate,130.67,158.0,128.0,1
26.0,43.4,Moderate,132.67,203.0,103.0,0
59.0,32.0,Low,126.0,175.0,162.0,1
60.0,39.1,Moderate,132.67,203.0,150.0,1
48.0,32.2,High,105.33,176.0,95.0,0
33.0,25.6,High,110.0,202.0,98.0,0
80.0,27.6,Low,,165.0,91.0,0
31.0,40.4,Low,112.0,182.0,101.0,0
35.0,44.4,Moderate,142.0,175.0,83.0,0
36.0,40.1,Low,135.33,205.0,105.0,0
65.0,24.0,Moderate,113.33,118.0,91.0,0
49.0,23.8,Low,117.33,172.0,215.0,1
58.0,41.2,Low,127.33,187.0,159.0,1
42.0,35.3,Low,124.67,136.0,91.0,1
56.0,28.2,Moderate,128.0,134.0,116.0,0
61.0,18.3,Moderate,104.67,213.0,97.0,0
22.0,56.7,High,128.67,196.0,97.0,0
35.0,44.5,High,124.0,159.0,91.0,0
34.0,27.0,Low,,204.0,94.0,0
25.0,21.2,High,102.0,167.0,89.0,0
28.0,40.2,Moderate,106.0,153.0,91.0,0
57.0,28.9,Low,112.0,,106.0,0
80.0,23.9,Moderate,111.33,150.0,111.0,0
23.0,21.7,Low,106.67,156.0,89.0,0
46.0,22.4,Low,141.33,180.0,98.0,0
60.0,29.9,Low,109.33,177.0,98.0,0
68.0,30.4,High,154.67,177.0,155.0,1
23.0,30.5,High,118.67,203.0,94.0,0
70.0,35.3,Low,138.67,286.0,101.0,0
55.0,28.8,High,112.67,248.0,98.0,0
66.0,29.6,Moderate,140.67,196.0,102.0,0
61.0,28.5,Low,152.0,225.0,109.0,0
25.0,21.5,High,116.0,159.0,87.0,0
26.0,21.7,High,107.33,163.0,102.0,0
55.0,22.2,Moderate,118.67,226.0,102.0,0
33.0,20.6,Low,111.33,227.0,96.0,0
80.0,25.8,Low,128.67,117.0,92.0,0
29.0,54.0,Moderate,140.0,136.0,93.0,0
50.0,30.5,Moderate,124.0,147.0,222.0,1
80.0,21.6,Moderate,159.33,144.0,114.0,0
39.0,23.4,Moderate,116.0,188.0,90.0,0
51.0,35.4,Low,114.67,173.0,102.0,0
37.0,26.9,Low,115.33,243.0,100.0,0
48.0,22.1,Low,108.0,186.0,94.0,0
80.0,21.5,Low,132.67,174.0,108.0,0
63.0,23.9,Moderate,141.33,153.0,94.0,0
38.0,22.1,Moderate,118.0,221.0,87.0,0
48.0,38.2,Low,137.33,140.0,254.0,1
46.0,21.2,Moderate,123.33,208.0,109.0,0
80.0,29.0,Low,133.33,172.0,126.0,0
34.0,47.4,Low,137.33,,114.0,0
58.0,27.9,Low,142.0,228.0,105.0,0
43.0,22.4,Low,110.67,281.0,102.0,0
73.0,24.8,High,138.0,224.0,97.0,0
36.0,23.6,Low,119.33,137.0,100.0,0
80.0,23.9,Moderate,138.0,161.0,91.0,0
63.0,34.4,Low,104.0,164.0,109.0,0
59.0,34.4,Low,136.67,146.0,127.0,0
64.0,21.6,Low,95.33,211.0,100.0,0
50.0,24.4,Low,134.0,190.0,94.0,0
21.0,39.5,Low,,214.0,99.0,0
75.0,29.2,Low,122.67,123.0,113.0,0
34.0,31.8,Low,102.0,136.0,93.0,0
20.0,27.4,Low,106.67,126.0,88.0,0
33.0,24.6,Low,90.0,151.0,88.0,0
65.0,23.8,Low,148.67,218.0,146.0,0
49.0,41.3,Low,133.33,200.0,106.0,1
55.0,24.6,Low,152.0,180.0,108.0,0
66.0,30.7,Low,109.33,142.0,133.0,1
53.0,34.5,High,168.67,198.0,120.0,0
23.0,22.3,High,126.0,138.0,78.0,0
77.0,37.0,Moderate,108.0,138.0,157.0,1
52.0,28.8,Moderate,113.33,203.0,117.0,1
43.0,33.7,Low,128.0,138.0,93.0,0
67.0,32.6,Moderate,123.33,217.0,126.0,0
64.0,41.5,Moderate,141.33,227.0,91.0,0
27.0,25.6,High,116.0,153.0,81.0,0
53.0,23.1,Low,109.33,266.0,103.0,0
56.0,28.4,High,,189.0,104.0,0
42.0,37.3,Low,125.33,230.0,275.0,0
61.0,43.3,Low,120.0,170.0,142.0,1
45.0,29.8,High,125.33,197.0,100.0,0
72.0,32.0,Low,164.0,202.0,255.0,1
23.0,23.9,High,118.0,188.0,100.0,0
68.0,24.7,Low,137.33,191.0,265.0,1
40.0,31.4,High,107.33,153.0,93.0,0
52.0,,Low,158.0,276.0,394.0,1
75.0,20.8,Moderate,142.67,163.0,93.0,0
38.0,20.6,Low,120.0,249.0,97.0,0
74.0,30.0,Moderate,126.0,174.0,359.0,1
41.0,18.6,Low,146.67,146.0,99.0,0
56.0,28.7,High,108.67,204.0,121.0,0
31.0,30.6,High,114.67,224.0,82.0,0
63.0,43.4,Low,160.0,182.0,117.0,1
78.0,33.9,Low,157.33,211.0,105.0,0
58.0,29.9,Moderate,122.0,177.0,99.0,0
42.0,23.0,Moderate,113.33,270.0,96.0,0
36.0,30.8,High,116.0,208.0,85.0,0
28.0,21.7,High,,166.0,96.0,0
43.0,35.6,High,101.33,193.0,98.0,0
73.0,35.9,Low,125.33,226.0,107.0,0
72.0,35.7,Moderate,166.67,122.0,147.0,1
38.0,30.3,Moderate,126.67,210.0,93.0,0
33.0,23.2,High,123.33,158.0,101.0,0
41.0,21.6,High,117.33,193.0,81.0,0
80.0,26.8,Low,113.33,176.0,98.0,0
33.0,22.1,Moderate,102.67,164.0,95.0,0
44.0,18.5,Low,,233.0,83.0,0
32.0,33.2,Low,123.33,251.0,110.0,0
47.0,39.9,Moderate,107.33,135.0,98.0,1
64.0,28.0,Low,117.33,203.0,104.0,0
35.0,26.6,Low,149.33,290.0,98.0,0
25.0,25.0,Moderate,110.0,113.0,93.0,0
65.0,25.1,Low,117.33,183.0,289.0,1
30.0,22.1,Moderate,111.33,179.0,103.0,0
76.0,24.3,Low,120.67,180.0,95.0,0
21.0,50.3,Moderate,126.0,174.0,94.0,0
64.0,50.6,Low,142.67,197.0,135.0,0
20.0,40.2,High,135.33,156.0,104.0,0
51.0,22.6,Low,128.67,206.0,167.0,1
33.0,23.1,High,105.33,223.0,105.0,0
31.0,21.3,Moderate,111.33,159.0,97.0,0
31.0,19.0,Moderate,110.0,185.0,94.0,0
33.0,32.9,High,110.0,151.0,94.0,0
47.0,30.4,Low,129.0,251.0,100.0,0
47.0,27.3,Low,110.0,181.0,88.0,0
65.0,30.5,Low,129.33,194.0,115.0,0
44.0,19.2,Low,130.0,189.0,84.0,0
64.0,26.8,Moderate,116.0,134.0,130.0,1
61.0,41.9,Low,124.67,187.0,99.0,0
31.0,31.2,High,115.33,191.0,103.0,0
63.0,29.3,High,126.67,275.0,102.0,0
26.0,20.1,Moderate,,120.0,89.0,0
72.0,26.3,Low,174.0,246.0,91.0,0
49.0,23.7,High,87.33,242.0,100.0,0
47.0,27.6,Moderate,133.33,239.0,96.0,0
77.0,22.9,Low,141.33,101.0,124.0,1
73.0,24.7,Moderate,141.33,230.0,112.0,0
58.0,28.3,Low,126.67,165.0,108.0,0
63.0,27.4,Low,138.0,142.0,91.0,0
40.0,22.3,High,104.67,217.0,93.0,0
53.0,20.7,Low,120.0,153.0,93.0,0
61.0,43.2,Low,101.33,188.0,97.0,0
32.0,30.3,High,118.67,212.0,79.0,0
80.0,23.7,Low,117.33,167.0,74.0,1
62.0,29.1,Moderate,130.67,205.0,117.0,1
28.0,46.2,High,,193.0,112.0,0
72.0,32.5,Low,125.33,156.0,102.0,0
63.0,24.2,Low,146.0,207.0,136.0,0
36.0,23.1,Low,106.0,154.0,94.0,0
54.0,35.9,High,110.67,171.0,100.0,0
49.0,23.9,Low,133.33,216.0,107.0,0
46.0,35.3,Low,110.0,131.0,150.0,0
67.0,24.9,Low,115.33,117.0,146.0,1
24.0,30.4,Moderate,103.33,138.0,83.0,0
57.0,31.7,Low,136.0,245.0,96.0,0
80.0,28.4,Low,137.33,201.0,133.0,0
22.0,34.4,Moderate,104.0,129.0,99.0,0
66.0,25.3,Moderate,135.33,194.0,141.0,1
44.0,43.5,Moderate,131.33,159.0,133.0,1
33.0,48.2,Low,131.33,195.0,98.0,0
38.0,31.2,Low,120.0,200.0,96.0,0
75.0,26.4,High,148.67,156.0,142.0,0
67.0,27.1,Low,117.0,212.0,120.0,0
61.0,20.0,Moderate,,,74.0,0
80.0,23.1,High,153.33,236.0,97.0,0
63.0,34.8,Low,132.67,204.0,110.0,0
51.0,49.3,Low,118.67,196.0,94.0,0
29.0,42.8,High,119.33,164.0,93.0,0
22.0,23.0,Low,115.33,166.0,78.0,0
31.0,19.3,High,106.0,172.0,87.0,0
54.0,33.9,Low,124.0,234.0,103.0,0
35.0,32.5,Low,124.67,252.0,104.0,0
44.0,47.1,Low,144.0,203.0,86.0,0
41.0,22.4,Low,117.33,171.0,96.0,0
34.0,33.0,High,138.0,156.0,108.0,0
38.0,20.9,High,111.33,181.0,74.0,0
62.0,22.3,Moderate,114.0,188.0,132.0,0
66.0,23.3,High,147.33,188.0,105.0,0
80.0,27.4,Low,107.33,138.0,103.0,0
30.0,21.5,High,106.0,228.0,85.0,0
40.0,26.7,Moderate,126.0,132.0,84.0,0
76.0,22.9,Low,160.67,235.0,212.0,1
64.0,17.7,Low,,316.0,114.0,0
39.0,33.4,High,107.33,229.0,116.0,0
80.0,21.3,Low,158.67,249.0,210.0,1
47.0,65.5,High,152.67,188.0,83.0,0
78.0,33.0,Low,166.67,211.0,129.0,1
23.0,39.8,Low,124.0,171.0,82.0,0
28.0,30.9,Low,109.33,214.0,77.0,0
55.0,27.5,Low,142.67,176.0,109.0,0
77.0,31.6,Moderate,139.33,149.0,115.0,0
41.0,28.4,High,100.67,216.0,60.0,0
44.0,28.7,Moderate,107.33,235.0,99.0,0
70.0,33.8,Moderate,130.0,217.0,94.0,0
59.0,29.3,Low,146.0,206.0,132.0,1
60.0,22.4,Low,90.0,100.0,87.0,0
43.0,32.5,Low,,183.0,92.0,0
36.0,31.3,Low,93.33,205.0,91.0,0
63.0,19.5,High,110.67,237.0,110.0,0
30.0,17.8,Moderate,106.67,196.0,86.0,0
41.0,33.7,Moderate,150.67,188.0,89.0,0
55.0,26.7,Moderate,148.67,197.0,110.0,0
39.0,25.0,High,112.67,149.0,91.0,0
27.0,28.7,Moderate,114.67,241.0,98.0,0
28.0,39.8,Low,110.0,221.0,93.0,0
73.0,22.9,Low,126.67,251.0,82.0,0
35.0,28.6,Moderate,104.0,199.0,95.0,0
33.0,31.6,High,106.67,160.0,100.0,0
25.0,23.6,High,98.0,162.0,94.0,0
44.0,19.0,Low,110.0,149.0,93.0,0
62.0,30.1,Moderate,121.33,149.0,107.0,0
47.0,48.3,Moderate,120.0,191.0,96.0,0
46.0,30.2,Low,136.0,173.0,100.0,0
44.0,22.9,High,108.67,191.0,157.0,1
30.0,33.1,Low,112.67,156.0,95.0,0
22.0,35.5,Moderate,117.33,200.0,99.0,0
80.0,31.0,Moderate,143.33,155.0,97.0,0
44.0,34.5,Low,114.67,175.0,98.0,0
45.0,36.0,Low,114.67,181.0,114.0,0
32.0,42.6,Low,120.67,198.0,323.0,1
45.0,27.7,High,104.67,270.0,100.0,0
68.0,29.8,Moderate,89.33,241.0,104.0,0
37.0,34.0,Low,122.0,226.0,210.0,0
71.0,30.8,Low,110.0,234.0,89.0,0
32.0,33.1,Low,118.67,199.0,111.0,0
67.0,31.2,Moderate,130.67,232.0,99.0,0
57.0,29.0,Low,113.33,180.0,128.0,0
27.0,28.2,High,112.67,153.0,99.0,0
59.0,29.5,Low,140.0,200.0,104.0,0
62.0,34.3,High,157.33,161.0,130.0,0
63.0,25.6,Low,134.0,214.0,105.0,0
23.0,19.1,Moderate,106.0,128.0,87.0,0
32.0,25.5,High,109.33,214.0,105.0,0
58.0,31.0,Moderate,133.33,139.0,94.0,0
69.0,22.8,High,131.33,225.0,157.0,0
77.0,28.8,Low,144.0,243.0,93.0,0
47.0,30.6,Moderate,126.0,230.0,97.0,0
47.0,23.2,Low,101.33,164.0,92.0,0
71.0,18.5,Low,148.67,271.0,84.0,0
60.0,18.1,High,104.67,162.0,107.0,0
64.0,24.0,Moderate,151.33,155.0,209.0,1
36.0,30.7,High,128.0,146.0,98.0,0
72.0,23.8,Moderate,137.33,166.0,81.0,1
31.0,22.0,Moderate,130.67,137.0,88.0,0
45.0,23.3,Moderate,141.33,226.0,90.0,0
38.0,35.5,High,138.67,169.0,100.0,0
51.0,29.4,Low,124.67,229.0,117.0,0
30.0,32.4,Moderate,132.67,237.0,96.0,0
67.0,29.1,Low,126.67,219.0,119.0,0
80.0,34.7,Low,128.0,200.0,104.0,1
51.0,,Low,,161.0,102.0,0
36.0,42.5,High,118.0,97.0,98.0,0
59.0,23.1,High,111.33,213.0,91.0,0
70.0,39.2,Low,92.0,141.0,136.0,0
22.0,20.4,High,99.33,116.0,94.0,0
48.0,35.3,Low,116.67,203.0,111.0,0
29.0,33.4,Low,101.33,176.0,94.0,0
51.0,28.3,Low,119.33,215.0,133.0,0
22.0,28.5,Low,118.67,194.0,98.0,0
57.0,23.3,Low,128.0,180.0,132.0,0
49.0,26.5,Low,132.67,283.0,127.0,0
70.0,36.0,Low,128.0,198.0,93.0,0
31.0,38.6,High,131.33,212.0,102.0,0
61.0,25.7,Low,125.33,163.0,130.0,1
36.0,35.7,Low,114.67,158.0,102.0,0
33.0,30.1,Moderate,119.33,214.0,96.0,0
60.0,23.4,Low,124.67,149.0,121.0,1
57.0,21.5,Moderate,101.33,202.0,96.0,0
21.0,33.7,High,119.33,254.0,97.0,0
64.0,28.4,Low,132.67,181.0,106.0,0
50.0,26.4,Low,107.33,209.0,94.0,0
51.0,27.1,Low,116.67,268.0,108.0,0
69.0,32.4,Low,154.0,152.0,99.0,0
24.0,18.4,Low,104.67,126.0,103.0,0
55.0,48.4,Moderate,124.67,194.0,108.0,0
66.0,26.2,Low,91.33,186.0,140.0,0
37.0,30.8,Low,118.0,238.0,90.0,0
50.0,30.4,Moderate,138.0,160.0,223.0,1
21.0,21.2,Moderate,118.0,169.0,106.0,0
24.0,23.3,High,107.33,139.0,96.0,0
28.0,29.2,High,127.33,178.0,86.0,0
35.0,57.9,Low,146.67,212.0,104.0,0
64.0,21.4,Low,153.33,219.0,159.0,0
37.0,25.7,Low,118.67,196.0,61.0,0
48.0,26.1,Moderate,121.33,271.0,136.0,1
63.0,46.8,Low,154.0,153.0,195.0,0
27.0,33.4,High,112.67,186.0,101.0,0
44.0,25.2,High,103.33,196.0,87.0,0
68.0,,Low,98.0,192.0,96.0,0
53.0,19.4,Moderate,116.0,160.0,85.0,0
80.0,28.0,Low,,236.0,116.0,1
39.0,36.2,Low,113.33,136.0,91.0,0
42.0,26.7,Low,73.33,156.0,100.0,0
39.0,24.9,Moderate,122.0,178.0,92.0,0
23.0,28.4,High,140.0,162.0,92.0,0
80.0,22.0,High,127.33,174.0,101.0,0
80.0,26.6,Low,108.67,188.0,123.0,0
59.0,23.5,Low,157.33,232.0,107.0,0
56.0,19.6,Low,133.33,215.0,88.0,0
46.0,22.8,High,110.0,204.0,120.0,0
45.0,26.3,High,112.0,147.0,95.0,0
37.0,23.7,Low,119.33,184.0,82.0,0
27.0,37.1,Low,122.0,170.0,82.0,0
66.0,26.5,Low,148.0,266.0,100.0,0
23.0,25.1,High,108.0,135.0,96.0,0
44.0,30.2,Low,108.67,160.0,105.0,0
41.0,50.9,Low,109.33,252.0,199.0,0
71.0,49.5,Low,161.33,177.0,101.0,1
53.0,26.2,Moderate,128.67,218.0,92.0,0
53.0,25.5,High,123.33,130.0,98.0,0
70.0,26.3,Moderate,129.33,145.0,122.0,1
20.0,22.3,High,96.0,215.0,83.0,0
79.0,20.4,Low,158.0,190.0,89.0,0
24.0,33.4,Low,123.33,163.0,117.0,0
51.0,36.0,Low,130.67,235.0,114.0,0
46.0,26.8,High,118.0,146.0,105.0,0
80.0,32.0,Low,110.67,157.0,155.0,0
29.0,29.4,High,118.67,218.0,90.0,0
58.0,27.0,Low,,269.0,106.0,0
43.0,35.6,High,113.33,181.0,93.0,0
46.0,30.8,Low,127.33,173.0,114.0,0
42.0,26.5,Moderate,108.67,191.0,82.0,0
43.0,20.7,Moderate,100.67,154.0,93.0,0
76.0,29.3,Moderate,106.67,206.0,96.0,0
68.0,26.2,Low,118.67,210.0,94.0,0
38.0,29.2,Low,112.67,172.0,109.0,0
32.0,27.4,High,114.67,131.0,94.0,0
47.0,26.6,Low,117.33,244.0,102.0,0
67.0,31.6,Low,152.0,206.0,103.0,0
40.0,31.0,High,114.67,180.0,104.0,0
28.0,32.5,Moderate,100.0,165.0,96.0,0
50.0,25.4,Low,116.67,196.0,92.0,0
66.0,19.5,Low,119.33,179.0,94.0,0
33.0,29.1,Low,108.0,171.0,108.0,0
51.0,20.5,Low,103.33,145.0,91.0,0
26.0,32.3,Low,100.0,184.0,97.0,0
37.0,21.5,Moderate,92.67,232.0,86.0,0
80.0,24.0,Low,146.0,219.0,147.0,0
63.0,34.3,Low,133.33,178.0,214.0,1
30.0,42.1,Low,125.33,157.0,102.0,0
46.0,27.9,Low,127.33,238.0,111.0,0
76.0,25.1,Moderate,111.33,207.0,105.0,0
60.0,34.7,High,135.33,178.0,103.0,0
67.0,25.7,Low,121.33,188.0,92.0,0
47.0,24.2,Moderate,116.0,251.0,89.0,0
47.0,19.3,Moderate,114.67,127.0,77.0,0
71.0,27.6,Low,165.33,178.0,113.0,0
28.0,33.9,Low,116.67,202.0,108.0,0
20.0,22.3,Moderate,118.0,196.0,89.0,0
55.0,34.2,Low,134.0,157.0,83.0,0
65.0,23.0,Low,,209.0,106.0,0
36.0,22.9,Low,106.67,253.0,82.0,0
80.0,30.1,Low,140.0,112.0,102.0,1
43.0,23.3,Low,124.0,169.0,94.0,0
44.0,29.2,Moderate,114.67,198.0,185.0,1
63.0,28.4,High,121.33,82.0,107.0,0
39.0,22.9,Low,106.67,129.0,96.0,0
35.0,30.4,Moderate,135.33,253.0,104.0,0
41.0,32.5,Moderate,107.33,177.0,93.0,0
63.0,25.0,Low,135.33,252.0,111.0,1
27.0,21.7,High,104.0,186.0,97.0,0
54.0,29.1,Moderate,110.67,177.0,154.0,1
48.0,24.9,Low,,203.0,86.0,0
24.0,18.8,Low,97.33,164.0,100.0,0
71.0,29.8,Moderate,120.67,173.0,100.0,0
71.0,32.8,Low,134.67,170.0,103.0,0
36.0,26.8,Low,120.0,150.0,122.0,0
43.0,25.6,Moderate,123.33,201.0,97.0,0
44.0,28.0,Moderate,106.67,150.0,97.0,0
52.0,36.8,Low,137.33,203.0,98.0,1
80.0,27.9,Low,108.67,160.0,79.0,1
45.0,36.4,Low,121.33,198.0,109.0,0
44.0,31.2,Low,152.0,214.0,99.0,0
23.0,21.3,High,111.33,164.0,96.0,0
48.0,45.9,Low,133.33,180.0,100.0,0
33.0,32.9,Low,,169.0,130.0,0
41.0,25.0,Moderate,120.0,159.0,144.0,0
58.0,36.3,Low,134.0,245.0,95.0,0
31.0,27.1,Moderate,111.33,182.0,109.0,0
80.0,34.8,Low,,111.0,131.0,1
31.0,26.7,High,106.67,133.0,80.0,0
51.0,41.7,Low,117.33,182.0,239.0,1
53.0,22.5,High,94.0,232.0,111.0,0
80.0,25.7,Moderate,111.33,152.0,88.0,0
60.0,46.0,Moderate,146.67,156.0,108.0,1
76.0,22.3,Low,170.0,218.0,99.0,0
27.0,19.6,High,108.0,158.0,90.0,0
42.0,33.1,Low,132.0,187.0,94.0,0
46.0,23.9,Low,79.33,194.0,108.0,0
55.0,18.4,Low,141.33,237.0,87.0,0
38.0,28.3,High,102.67,172.0,96.0,0
80.0,29.5,Low,182.67,240.0,117.0,0
44.0,20.7,High,141.33,198.0,98.0,0
80.0,,Low,152.0,,98.0,0
78.0,26.1,Low,148.67,193.0,105.0,0
35.0,22.6,High,97.33,180.0,84.0,0
22.0,36.4,Moderate,106.0,196.0,92.0,0
66.0,43.8,Low,130.0,177.0,100.0,0
62.0,24.0,Low,132.67,289.0,100.0,0
47.0,32.5,Moderate,98.0,264.0,113.0,0
60.0,27.6,Low,188.0,333.0,405.0,1
67.0,38.5,Low,100.0,145.0,84.0,0
60.0,39.2,Low,156.0,187.0,177.0,1
26.0,22.2,Moderate,105.33,178.0,98.0,0
33.0,33.8,Low,116.0,291.0,103.0,0
53.0,28.5,High,130.67,160.0,100.0,0
29.0,33.0,High,110.67,169.0,88.0,0
30.0,38.0,Moderate,118.67,172.0,105.0,0
55.0,27.5,Low,153.33,177.0,114.0,0
33.0,50.2,Low,,201.0,81.0,0
32.0,31.6,High,120.0,188.0,95.0,0
74.0,26.6,Moderate,148.0,311.0,100.0,0
21.0,23.4,Moderate,116.0,166.0,130.0,0
55.0,30.1,High,130.0,174.0,105.0,0
80.0,24.2,Moderate,148.0,176.0,118.0,0
34.0,32.3,High,104.67,206.0,90.0,0
80.0,32.5,Moderate,122.0,163.0,109.0,0
80.0,21.6,Moderate,147.33,111.0,138.0,1
52.0,32.8,Moderate,110.0,240.0,86.0,0
74.0,22.4,High,125.33,164.0,94.0,0
41.0,45.9,Low,111.33,330.0,112.0,0
80.0,32.6,Low,196.0,160.0,103.0,0
80.0,27.2,Moderate,138.0,229.0,95.0,0
75.0,27.5,Moderate,136.0,161.0,126.0,0
23.0,31.8,Low,123.33,248.0,88.0,0
72.0,28.4,Low,133.33,168.0,124.0,1
25.0,20.7,High,114.67,155.0,93.0,0
33.0,27.6,High,125.33,187.0,83.0,0
53.0,29.2,Low,144.0,,89.0,0
21.0,37.1,Low,126.0,200.0,89.0,0
24.0,22.1,High,117.33,139.0,92.0,0
42.0,19.0,Low,134.0,181.0,95.0,0
52.0,28.5,High,116.67,204.0,95.0,0
30.0,17.4,Moderate,124.67,190.0,78.0,0
67.0,25.8,Low,147.33,196.0,172.0,1
30.0,23.6,Low,92.67,168.0,92.0,0
29.0,32.8,Low,101.33,176.0,100.0,0
46.0,22.4,Moderate,109.33,179.0,89.0,0
46.0,40.0,High,134.67,235.0,93.0,0
55.0,26.3,Low,124.67,203.0,109.0,0
40.0,33.7,Moderate,109.33,128.0,100.0,0
66.0,41.4,Moderate,134.0,133.0,111.0,1
28.0,20.6,High,104.67,184.0,82.0,0
48.0,22.9,High,94.67,203.0,95.0,0
62.0,32.4,Low,130.0,,123.0,0
26.0,16.9,Moderate,105.33,150.0,80.0,0
23.0,22.5,Moderate,98.67,278.0,82.0,0
34.0,50.1,Low,118.67,204.0,103.0,0
72.0,27.9,Low,108.0,155.0,103.0,0
58.0,26.6,Low,156.0,266.0,111.0,0
58.0,29.9,Low,125.33,205.0,105.0,0
62.0,22.5,Low,131.33,210.0,99.0,0
39.0,38.2,Low,119.33,244.0,94.0,0
38.0,26.5,Moderate,119.33,191.0,116.0,0
46.0,29.0,Low,122.67,195.0,118.0,0
40.0,32.2,Low,112.0,252.0,96.0,0
47.0,23.3,Moderate,123.0,171.0,106.0,0
32.0,25.3,Low,106.0,233.0,94.0,0
45.0,19.5,High,122.0,209.0,92.0,0
70.0,28.9,Low,85.33,101.0,83.0,0
80.0,24.5,Low,121.33,115.0,84.0,0
35.0,22.6,Low,,207.0,92.0,0
51.0,47.3,Low,126.67,141.0,183.0,0
45.0,28.9,Low,114.67,183.0,99.0,0
39.0,28.3,Low,118.0,211.0,107.0,0
60.0,41.5,Low,142.0,,110.0,1
31.0,28.9,Low,114.67,160.0,102.0,1
32.0,19.7,Low,93.33,223.0,83.0,0
69.0,28.0,Low,92.67,211.0,116.0,0
59.0,27.4,Moderate,111.33,202.0,106.0,0
44.0,40.4,Low,140.0,160.0,121.0,0
30.0,23.8,High,106.67,220.0,103.0,0
63.0,27.8,Low,142.0,202.0,94.0,0
49.0,26.3,Low,124.67,294.0,109.0,0
35.0,27.6,Moderate,126.67,214.0,84.0,0
38.0,27.3,High,104.0,246.0,100.0,0
32.0,26.2,High,104.0,122.0,101.0,0
33.0,22.8,Moderate,96.0,163.0,91.0,0
21.0,23.8,High,113.33,216.0,88.0,0
64.0,31.1,Moderate,116.0,146.0,102.0,0
80.0,25.3,Moderate,138.67,137.0,109.0,0
46.0,23.9,High,111.33,202.0,97.0,0
53.0,23.0,Low,134.0,266.0,107.0,0
40.0,24.1,High,109.33,178.0,97.0,0
56.0,29.2,Moderate,125.33,245.0,118.0,0
73.0,29.2,Moderate,110.0,141.0,175.0,1
60.0,51.8,Low,107.33,152.0,72.0,1
45.0,26.5,Low,104.67,206.0,99.0,0
29.0,32.4,Low,,190.0,94.0,0
59.0,20.0,Moderate,101.33,227.0,70.0,0
64.0,25.0,High,110.67,263.0,98.0,0
28.0,21.4,Moderate,100.67,149.0,95.0,0
36.0,20.0,Moderate,132.0,192.0,98.0,0
26.0,26.5,Low,119.33,178.0,97.0,0
80.0,19.7,Moderate,120.0,175.0,110.0,0
27.0,30.8,Low,104.0,177.0,90.0,0
50.0,36.4,Moderate,164.0,230.0,101.0,0
66.0,28.8,Moderate,144.0,195.0,116.0,0
54.0,44.9,Low,115.33,173.0,112.0,1
72.0,27.0,Low,182.67,233.0,83.0,0
34.0,29.8,Moderate,124.0,132.0,94.0,0
54.0,28.4,High,106.0,217.0,107.0,0
63.0,25.9,High,116.67,262.0,98.0,0
24.0,33.9,High,108.67,163.0,99.0,0
72.0,25.7,Low,138.0,380.0,96.0,0
23.0,41.8,High,135.33,212.0,126.0,0
60.0,25.0,Moderate,138.67,130.0,127.0,0
40.0,25.1,Moderate,106.0,137.0,87.0,0
64.0,24.8,Moderate,140.0,137.0,153.0,1
50.0,27.5,Low,171.33,203.0,90.0,0
78.0,24.4,Low,146.67,109.0,91.0,0
52.0,25.3,Moderate,123.33,171.0,150.0,1
73.0,31.2,Moderate,114.67,208.0,116.0,1
44.0,27.4,Low,117.33,252.0,104.0,0
30.0,22.8,Low,100.0,153.0,91.0,0
29.0,24.3,High,106.67,178.0,94.0,0
53.0,26.6,Low,106.0,184.0,99.0,0
80.0,25.1,Low,144.0,175.0,97.0,0
31.0,36.3,Low,124.67,136.0,113.0,0
65.0,24.8,Low,202.0,103.0,104.0,0
24.0,40.8,Low,125.33,162.0,97.0,0
59.0,25.5,Low,106.67,151.0,108.0,0
80.0,24.9,Moderate,126.0,183.0,105.0,0
66.0,31.7,Low,108.0,220.0,87.0,1
33.0,56.9,Moderate,120.67,158.0,118.0,0
76.0,23.8,Moderate,126.0,127.0,105.0,0
74.0,44.7,Low,152.0,147.0,138.0,1
25.0,22.5,Low,98.67,107.0,85.0,0
42.0,29.3,High,115.33,269.0,96.0,0
61.0,21.1,Low,106.0,233.0,84.0,0
31.0,,Low,126.67,159.0,112.0,0
47.0,33.8,Low,107.33,102.0,103.0,0
23.0,37.6,Moderate,116.0,182.0,104.0,0
25.0,26.9,High,115.33,184.0,95.0,0
20.0,25.4,High,108.0,167.0,97.0,0
42.0,31.7,Low,118.0,242.0,116.0,0
52.0,30.5,Moderate,129.33,208.0,118.0,0
36.0,48.7,Low,157.33,176.0,112.0,0
52.0,23.5,Low,110.67,271.0,90.0,0
40.0,26.0,High,120.0,208.0,98.0,0
48.0,28.1,Moderate,99.33,180.0,88.0,0
32.0,31.5,Low,116.0,170.0,104.0,0
47.0,24.4,Moderate,124.0,194.0,99.0,0
68.0,27.0,Moderate,125.33,218.0,94.0,0
41.0,43.3,Low,186.0,158.0,96.0,0
63.0,30.5,Low,141.33,213.0,108.0,0
55.0,26.3,Low,122.0,210.0,94.0,0
55.0,20.1,Low,162.0,232.0,90.0,0
47.0,30.1,Moderate,104.67,197.0,96.0,0
25.0,23.4,High,112.67,157.0,95.0,0
50.0,29.0,Low,98.0,135.0,102.0,0
40.0,44.2,Low,110.67,214.0,87.0,0
38.0,34.0,High,141.33,293.0,95.0,0
56.0,,Low,112.67,130.0,136.0,0
57.0,40.7,Low,153.33,181.0,122.0,1
48.0,23.7,Low,96.0,124.0,68.0,0
38.0,39.9,Low,108.67,201.0,82.0,0
62.0,35.0,Low,133.33,234.0,111.0,0
30.0,21.2,Low,105.33,201.0,93.0,0
52.0,21.9,Moderate,108.67,188.0,101.0,0
26.0,24.3,High,108.67,184.0,91.0,0
33.0,19.9,High,109.33,176.0,92.0,0
55.0,53.9,Low,118.0,161.0,157.0,1
22.0,30.4,High,130.0,125.0,87.0,0
20.0,24.3,High,109.33,197.0,91.0,0
51.0,30.5,High,145.33,257.0,96.0,0
65.0,39.4,Low,132.67,148.0,104.0,1
46.0,,Low,124.67,167.0,122.0,0
78.0,27.8,Moderate,108.0,163.0,102.0,0
55.0,26.7,Moderate,105.33,244.0,94.0,0
70.0,31.0,Moderate,119.33,195.0,108.0,0
44.0,23.7,High,102.67,152.0,100.0,0
54.0,25.4,Moderate,122.0,169.0,156.0,1
37.0,31.5,High,114.67,168.0,100.0,0
39.0,20.3,Low,96.67,210.0,91.0,0
80.0,36.2,Low,94.67,194.0,115.0,0
43.0,30.2,Moderate,123.33,233.0,96.0,0
45.0,27.1,Moderate,131.33,252.0,104.0,0
59.0,37.2,Low,118.67,201.0,104.0,0
30.0,39.2,High,129.33,241.0,99.0,0
39.0,20.9,Low,92.0,156.0,93.0,0
77.0,33.1,Low,148.0,219.0,116.0,0
64.0,30.7,Low,,209.0,90.0,0
62.0,30.0,Low,115.33,182.0,91.0,0
69.0,29.4,Moderate,174.0,214.0,87.0,0
43.0,26.2,Moderate,112.67,168.0,89.0,0
69.0,30.4,Low,168.67,196.0,167.0,1
30.0,33.5,High,116.0,198.0,109.0,0
76.0,35.1,Low,126.67,186.0,172.0,1
22.0,32.8,Low,136.67,109.0,93.0,0
37.0,28.1,Low,125.33,201.0,102.0,0
63.0,23.6,Low,102.67,202.0,100.0,0
64.0,27.0,Moderate,137.33,174.0,161.0,1
62.0,27.5,Low,142.67,262.0,90.0,0
43.0,21.5,Moderate,108.67,179.0,85.0,0
37.0,28.0,Moderate,124.0,133.0,88.0,0
60.0,26.7,Low,118.67,169.0,107.0,0
44.0,30.4,Moderate,124.67,246.0,108.0,0
80.0,29.3,Low,108.67,119.0,181.0,0
70.0,27.1,Moderate,124.67,179.0,100.0,0
26.0,23.9,Low,111.33,179.0,85.0,0
24.0,25.1,High,120.0,170.0,87.0,0
25.0,36.6,High,109.33,132.0,81.0,0
50.0,32.4,Low,139.33,214.0,95.0,0
52.0,45.4,High,125.33,148.0,238.0,1
52.0,26.1,Low,134.67,205.0,158.0,1
71.0,30.5,Low,137.33,169.0,68.0,1
34.0,29.4,Low,105.33,165.0,91.0,0
80.0,26.3,Low,144.67,230.0,202.0,1
45.0,23.4,Low,91.33,257.0,99.0,0
66.0,29.4,Moderate,143.33,219.0,87.0,0
42.0,31.8,Moderate,120.67,293.0,117.0,0
49.0,37.2,Low,122.67,159.0,111.0,1
26.0,20.1,Low,116.67,122.0,82.0,0
40.0,31.9,Moderate,113.33,177.0,97.0,0
73.0,27.5,High,128.0,201.0,103.0,0
67.0,40.5,Low,136.0,149.0,152.0,1
39.0,25.0,Moderate,,252.0,80.0,0
48.0,45.5,Low,116.67,161.0,105.0,0
40.0,30.4,Low,112.0,189.0,111.0,0
31.0,24.0,Low,119.33,184.0,82.0,0
21.0,20.2,Low,100.67,183.0,103.0,0
80.0,27.6,Low,147.33,280.0,102.0,0
48.0,36.9,Low,150.0,210.0,100.0,0
55.0,43.7,Low,138.0,211.0,115.0,0
32.0,24.7,Low,102.67,209.0,86.0,0
63.0,25.9,Moderate,122.67,191.0,100.0,0
33.0,26.4,High,134.67,186.0,93.0,0
38.0,23.8,High,116.0,171.0,88.0,0
70.0,22.0,Low,154.67,192.0,91.0,0
42.0,38.6,Low,127.33,189.0,94.0,0
77.0,30.8,Low,127.33,142.0,94.0,0
44.0,26.7,Low,122.67,173.0,101.0,0
41.0,21.5,High,96.0,190.0,80.0,0
47.0,25.7,High,104.67,212.0,100.0,0
42.0,32.3,Moderate,110.67,181.0,92.0,0
50.0,31.4,Low,133.33,215.0,93.0,0
79.0,30.6,Moderate,120.67,246.0,112.0,0
65.0,31.0,Low,126.0,161.0,99.0,0
57.0,31.6,Moderate,138.67,210.0,100.0,0
80.0,,Low,112.0,216.0,101.0,0
30.0,43.4,Low,122.0,179.0,91.0,0
53.0,41.3,Moderate,118.0,173.0,105.0,0
62.0,27.1,Moderate,136.0,229.0,102.0,0
44.0,31.9,Moderate,108.0,226.0,97.0,0
60.0,23.6,Low,161.33,201.0,103.0,0
80.0,33.5,Moderate,124.0,219.0,118.0,0
68.0,25.4,Moderate,143.33,194.0,122.0,0
56.0,27.0,Low,142.67,160.0,101.0,0
22.0,34.3,Moderate,118.0,186.0,99.0,0
76.0,46.3,Moderate,98.67,136.0,108.0,0
51.0,21.1,Low,123.33,199.0,106.0,0
80.0,28.1,Low,137.33,142.0,179.0,1
65.0,29.4,Low,185.33,179.0,145.0,1
30.0,17.6,Low,102.0,188.0,98.0,0
55.0,35.1,Moderate,,162.0,105.0,0
29.0,31.2,High,104.67,117.0,95.0,0
22.0,23.8,High,112.0,166.0,87.0,0
33.0,28.2,High,107.33,204.0,92.0,0
80.0,41.5,Low,122.67,180.0,147.0,0
53.0,38.0,Moderate,138.67,233.0,94.0,0
35.0,30.3,Moderate,116.67,166.0,113.0,0
35.0,37.2,Low,122.0,223.0,107.0,0
42.0,36.1,Low,120.0,612.0,179.0,1
50.0,42.9,Moderate,130.0,172.0,100.0,0
75.0,26.6,Moderate,109.33,270.0,139.0,1
69.0,27.1,Moderate,,248.0,92.0,0
61.0,25.6,Low,124.0,218.0,121.0,0
44.0,25.8,Moderate,106.67,239.0,100.0,0
61.0,29.6,Moderate,143.33,243.0,87.0,0
57.0,28.9,Low,121.33,176.0,113.0,0
63.0,15.4,Moderate,128.67,188.0,94.0,0
67.0,24.5,Moderate,112.0,156.0,90.0,0
37.0,29.6,Moderate,132.0,161.0,104.0,0
56.0,33.3,Low,126.0,197.0,92.0,0
22.0,22.3,Low,124.67,167.0,106.0,0
28.0,45.3,Moderate,100.0,151.0,97.0,0
57.0,25.6,Low,112.67,206.0,84.0,0
40.0,23.4,Low,166.67,143.0,79.0,1
30.0,22.0,Low,116.67,115.0,96.0,0
37.0,27.9,Low,120.67,195.0,112.0,0
36.0,36.9,Low,102.0,163.0,89.0,0
22.0,28.6,Low,123.33,223.0,107.0,0
61.0,36.6,Low,112.67,158.0,126.0,0
22.0,18.2,Moderate,110.0,137.0,95.0,0
35.0,30.6,Low,104.67,213.0,121.0,1
50.0,30.0,Low,139.33,176.0,93.0,0
27.0,25.7,High,114.0,147.0,100.0,0
64.0,20.3,Low,202.67,184.0,101.0,0
31.0,25.1,Moderate,102.0,151.0,91.0,0
27.0,25.4,Low,92.67,192.0,90.0,0
40.0,22.3,Moderate,123.33,211.0,104.0,0
73.0,26.1,Moderate,98.0,228.0,84.0,0
61.0,26.5,Low,115.33,155.0,94.0,0
25.0,24.1,High,103.33,158.0,90.0,0
41.0,35.8,Low,132.67,227.0,95.0,0
70.0,21.5,Moderate,110.0,221.0,90.0,0
24.0,17.2,Low,116.0,168.0,80.0,0
47.0,33.5,Low,120.0,202.0,101.0,0
38.0,24.5,Low,111.33,150.0,77.0,0
50.0,29.3,Moderate,100.0,176.0,132.0,1
38.0,33.0,High,113.33,214.0,93.0,0
21.0,29.3,High,98.0,198.0,94.0,0
37.0,30.4,Low,102.67,146.0,91.0,0
64.0,25.9,Moderate,120.0,158.0,99.0,0
61.0,38.3,Low,123.33,235.0,149.0,0
40.0,27.5,Low,120.0,245.0,105.0,0
60.0,58.7,Low,114.67,205.0,108.0,0
72.0,28.7,Moderate,133.33,119.0,129.0,0
33.0,25.8,Moderate,112.67,182.0,105.0,0
69.0,,Low,108.67,179.0,361.0,1
24.0,22.7,High,129.33,130.0,103.0,0
45.0,24.3,Moderate,120.0,217.0,88.0,0
24.0,25.1,High,118.67,161.0,84.0,0
23.0,24.9,High,111.33,174.0,95.0,0
61.0,28.3,High,120.67,149.0,89.0,0
71.0,33.6,Low,150.67,169.0,102.0,0
44.0,26.6,Low,156.67,193.0,84.0,0
28.0,26.6,High,160.0,140.0,96.0,0
20.0,24.4,High,117.33,160.0,106.0,0
42.0,44.9,Low,131.33,144.0,98.0,0
62.0,27.2,Low,112.0,143.0,78.0,0
60.0,28.2,Low,122.0,178.0,88.0,0
47.0,26.3,Moderate,100.0,227.0,92.0,0
39.0,26.0,Moderate,104.67,147.0,93.0,0
42.0,26.8,High,111.33,213.0,114.0,0
44.0,58.4,Low,118.67,213.0,101.0,0
67.0,26.7,Low,136.67,233.0,104.0,0
39.0,29.8,High,112.67,123.0,95.0,0
46.0,38.8,Moderate,108.67,207.0,179.0,0
60.0,21.7,Low,112.67,249.0,101.0,0
80.0,31.5,Moderate,131.33,176.0,100.0,0
65.0,22.5,Low,,253.0,100.0,0
23.0,22.9,Low,124.0,164.0,105.0,0
66.0,31.1,Low,168.67,145.0,110.0,0
31.0,29.6,High,104.0,172.0,100.0,0
66.0,35.7,Low,148.0,195.0,116.0,0
43.0,30.3,High,130.67,204.0,94.0,0
41.0,25.3,Low,112.0,123.0,90.0,0
46.0,23.8,High,119.33,175.0,98.0,0
60.0,25.8,High,108.67,238.0,100.0,0
56.0,31.3,Low,133.33,248.0,118.0,0
46.0,27.8,High,118.67,206.0,101.0,0
77.0,20.9,Low,,174.0,97.0,0
62.0,24.2,Moderate,143.33,275.0,133.0,0
73.0,22.1,Low,120.0,191.0,98.0,0
37.0,28.2,High,98.0,243.0,79.0,0
49.0,22.7,Moderate,100.0,145.0,83.0,0
41.0,27.3,Moderate,112.67,163.0,90.0,0
31.0,21.9,High,116.0,223.0,86.0,0
47.0,21.4,High,105.33,184.0,90.0,0
24.0,26.4,Low,103.33,285.0,91.0,0
25.0,39.3,Low,,236.0,85.0,0
52.0,30.8,Low,136.67,184.0,119.0,1
74.0,28.7,Low,112.0,169.0,94.0,0
55.0,25.0,Moderate,112.0,463.0,99.0,0
69.0,23.6,High,116.67,204.0,81.0,0
20.0,22.1,Moderate,112.67,163.0,93.0,0
52.0,34.1,Low,141.33,224.0,290.0,1
37.0,29.9,Low,114.67,205.0,100.0,0
64.0,18.6,Low,153.33,227.0,105.0,0
46.0,26.0,Low,112.67,184.0,96.0,0
53.0,28.3,Moderate,112.67,195.0,97.0,0
40.0,23.9,Low,112.0,104.0,92.0,0
36.0,31.7,Moderate,104.0,205.0,99.0,0
41.0,20.6,Low,120.67,177.0,101.0,0
55.0,20.8,High,94.0,225.0,95.0,0
52.0,24.3,High,118.67,257.0,96.0,0
35.0,20.2,Low,120.67,174.0,105.0,0
59.0,23.5,Low,64.67,118.0,94.0,0
46.0,25.2,Low,95.33,175.0,93.0,0
25.0,27.3,Moderate,102.0,209.0,69.0,0
65.0,26.2,Low,117.33,158.0,92.0,0
36.0,30.4,High,117.33,179.0,86.0,0
80.0,28.7,Moderate,129.33,181.0,100.0,0
26.0,23.7,High,118.0,173.0,98.0,0
41.0,26.3,Moderate,96.0,121.0,100.0,0
47.0,33.6,Low,122.67,170.0,218.0,1
74.0,21.3,High,116.0,210.0,80.0,0
63.0,23.9,High,108.67,223.0,103.0,0
24.0,39.6,High,138.67,148.0,101.0,0
41.0,28.0,High,129.33,258.0,91.0,0
36.0,26.3,High,118.67,172.0,88.0,0
59.0,21.9,Low,108.0,227.0,99.0,0
28.0,26.4,High,,259.0,68.0,0
43.0,31.7,Moderate,104.0,136.0,99.0,0
20.0,30.8,High,109.33,180.0,101.0,0
63.0,22.5,High,135.33,224.0,96.0,0
71.0,32.1,Low,146.67,177.0,156.0,1
33.0,35.0,Low,157.33,191.0,91.0,0
45.0,31.7,Moderate,102.67,178.0,104.0,0
27.0,24.2,Moderate,128.67,170.0,95.0,0
30.0,27.0,Low,124.0,155.0,94.0,0
49.0,41.0,Low,117.33,176.0,106.0,0
32.0,23.5,Moderate,119.33,160.0,110.0,0
80.0,25.5,Moderate,120.67,185.0,109.0,0
22.0,30.5,Moderate,107.33,220.0,93.0,0
34.0,29.3,High,112.67,210.0,96.0,0
43.0,23.0,High,117.33,136.0,97.0,0
64.0,21.0,Low,144.0,203.0,136.0,0
33.0,30.1,Low,112.67,161.0,72.0,0
50.0,32.2,Low,142.0,201.0,99.0,0
46.0,21.1,Low,,212.0,96.0,0
72.0,28.9,Moderate,164.67,301.0,104.0,0
48.0,27.7,High,100.67,206.0,111.0,0
33.0,25.1,Low,109.33,166.0,96.0,0
26.0,28.6,High,104.67,101.0,87.0,0
30.0,21.8,High,98.67,183.0,93.0,0
73.0,27.4,High,138.67,121.0,88.0,0
31.0,22.6,High,110.0,146.0,92.0,0
55.0,28.0,Low,134.0,220.0,105.0,0
54.0,29.8,Low,118.0,169.0,120.0,0
66.0,29.8,Low,120.0,207.0,111.0,0
59.0,21.7,Low,140.67,218.0,104.0,0
45.0,23.2,High,106.0,248.0,92.0,0
80.0,27.0,Moderate,124.67,154.0,109.0,0
80.0,32.8,Moderate,116.67,137.0,84.0,0
80.0,21.1,Low,110.0,104.0,97.0,0
31.0,30.7,High,118.0,247.0,103.0,0
47.0,22.0,Low,138.67,184.0,90.0,0
41.0,32.5,Low,120.0,219.0,91.0,0
30.0,33.6,Low,112.67,140.0,102.0,0
70.0,23.9,Low,114.0,296.0,99.0,0
80.0,22.4,Moderate,130.0,170.0,93.0,0
39.0,27.7,Low,109.33,210.0,99.0,0
23.0,26.9,High,136.67,171.0,86.0,0
61.0,24.0,Moderate,106.67,135.0,99.0,0
76.0,22.8,Moderate,108.67,245.0,93.0,0
62.0,24.5,Low,113.33,182.0,94.0,0
80.0,29.2,Moderate,173.33,153.0,142.0,1
76.0,37.4,Moderate,148.67,185.0,93.0,0
41.0,26.9,Low,102.67,165.0,93.0,0
58.0,28.8,High,123.33,173.0,106.0,0
28.0,19.3,Low,98.0,153.0,92.0,0
71.0,23.8,Moderate,125.33,173.0,101.0,0
37.0,32.0,Low,117.33,219.0,83.0,0
56.0,27.8,Moderate,158.0,246.0,101.0,0
23.0,25.4,High,135.33,182.0,100.0,0
56.0,36.1,High,128.67,203.0,106.0,0
31.0,26.0,Low,114.67,197.0,99.0,0
62.0,38.6,Low,126.67,187.0,89.0,0
77.0,26.2,Low,105.33,113.0,128.0,0
80.0,29.2,Low,111.33,177.0,110.0,0
42.0,31.1,Moderate,112.67,232.0,98.0,0
27.0,23.4,Low,108.67,198.0,85.0,0
65.0,22.7,Moderate,126.0,235.0,85.0,0
75.0,25.4,Low,147.33,172.0,98.0,0
21.0,23.5,High,138.67,135.0,96.0,0
54.0,22.6,Low,133.33,156.0,127.0,0
36.0,24.7,Moderate,116.67,171.0,102.0,0
48.0,36.5,Moderate,118.0,166.0,101.0,0
30.0,37.3,Moderate,134.67,121.0,110.0,0
65.0,28.1,Low,136.0,228.0,183.0,1
30.0,35.6,High,111.33,203.0,81.0,0
22.0,18.5,Moderate,118.0,87.0,97.0,0
53.0,37.2,Moderate,110.67,259.0,143.0,1
44.0,23.9,Moderate,141.33,248.0,94.0,0
66.0,26.7,High,103.33,161.0,120.0,0
39.0,38.8,Moderate,135.33,194.0,119.0,0
47.0,31.4,Moderate,114.0,161.0,132.0,1
29.0,29.4,Low,107.33,149.0,84.0,0
72.0,16.8,Low,132.0,189.0,125.0,1
41.0,22.7,Low,90.67,182.0,77.0,0
72.0,30.7,High,144.0,234.0,102.0,0
27.0,34.9,High,118.67,242.0,104.0,0
25.0,20.9,High,114.0,107.0,75.0,0
26.0,43.2,Low,110.0,140.0,85.0,0
59.0,24.2,High,129.33,203.0,82.0,0
29.0,30.2,High,126.0,169.0,99.0,0
26.0,23.7,Low,108.0,192.0,102.0,0
28.0,23.5,Low,109.33,116.0,89.0,0
50.0,27.0,Low,104.0,155.0,96.0,0
56.0,33.2,Low,108.67,147.0,79.0,1
51.0,26.2,Low,126.0,313.0,93.0,0
43.0,31.9,Low,116.67,227.0,90.0,0
20.0,22.1,Moderate,114.0,170.0,87.0,0
40.0,30.8,Low,115.33,260.0,220.0,0
45.0,26.1,High,132.0,,98.0,0
60.0,26.6,Moderate,106.67,140.0,108.0,0
71.0,22.2,Low,154.0,249.0,102.0,0
60.0,26.7,Low,139.33,213.0,118.0,0
45.0,24.9,Low,108.67,163.0,97.0,0
52.0,34.5,Low,168.67,150.0,99.0,0
48.0,32.2,Low,117.33,176.0,94.0,0
49.0,27.9,Low,110.67,213.0,104.0,0
26.0,49.9,Moderate,116.0,168.0,102.0,0
31.0,28.2,Low,112.0,168.0,107.0,0
60.0,29.8,Low,111.33,202.0,92.0,0
36.0,22.0,High,96.0,145.0,85.0,0
54.0,36.1,Low,124.67,192.0,138.0,0
32.0,24.0,High,129.33,222.0,93.0,0
36.0,51.9,Low,116.67,171.0,85.0,0
51.0,41.7,Low,132.0,251.0,96.0,0
36.0,33.2,Low,100.67,207.0,92.0,0
80.0,26.4,Low,112.0,113.0,105.0,1
38.0,30.7,Low,116.0,243.0,100.0,0
67.0,16.8,Low,114.0,181.0,93.0,0
77.0,29.3,Low,112.67,147.0,123.0,1
56.0,23.7,Moderate,110.0,223.0,94.0,0
60.0,27.5,Low,122.0,145.0,107.0,0
37.0,38.5,High,128.67,200.0,103.0,0
49.0,29.6,Low,128.0,270.0,97.0,0
42.0,19.3,Low,100.0,199.0,87.0,0
49.0,32.3,Low,158.67,218.0,111.0,0
34.0,26.2,Moderate,118.0,144.0,95.0,0
56.0,24.9,Moderate,135.33,159.0,102.0,0
30.0,20.6,Low,110.0,166.0,99.0,0
56.0,30.2,Moderate,130.0,191.0,101.0,0
80.0,21.8,Moderate,170.67,224.0,102.0,0
79.0,26.6,Low,166.0,141.0,88.0,1
28.0,19.0,Low,111.33,160.0,97.0,0
34.0,33.5,High,112.0,149.0,96.0,0
24.0,40.4,Low,102.67,136.0,98.0,0
49.0,26.4,Low,141.33,221.0,114.0,0
50.0,44.9,Low,130.0,235.0,105.0,0
80.0,27.3,High,114.0,167.0,160.0,0
48.0,41.3,Moderate,150.0,173.0,99.0,0
23.0,21.9,High,107.33,197.0,86.0,0
41.0,19.9,Moderate,136.0,171.0,94.0,0
47.0,27.5,Low,121.33,176.0,421.0,1
65.0,42.3,Low,116.0,205.0,124.0,0
39.0,23.4,Low,106.0,188.0,76.0,0
58.0,28.1,Low,138.67,152.0,115.0,0
37.0,27.0,High,120.67,164.0,79.0,0
50.0,23.5,Low,128.0,233.0,131.0,0
34.0,27.4,High,120.67,133.0,79.0,0
37.0,30.7,High,142.0,253.0,100.0,0
37.0,24.4,High,108.0,165.0,104.0,0
65.0,20.9,Moderate,114.67,155.0,90.0,0
74.0,23.8,Moderate,100.67,197.0,89.0,0
52.0,35.0,Moderate,107.33,192.0,94.0,0
59.0,28.6,Moderate,118.67,263.0,89.0,0
21.0,26.2,High,98.67,185.0,94.0,0
51.0,23.6,Moderate,130.67,160.0,97.0,0
50.0,30.2,Low,104.0,184.0,93.0,0
69.0,24.2,Low,128.0,164.0,106.0,0
80.0,30.7,Low,83.33,255.0,106.0,0
43.0,26.1,Low,116.0,185.0,112.0,0
32.0,35.3,High,134.67,134.0,101.0,0
67.0,21.2,Moderate,110.0,217.0,96.0,0
74.0,35.5,Moderate,162.0,240.0,101.0,0
71.0,26.8,Moderate,129.33,234.0,95.0,0
47.0,26.7,Moderate,105.33,159.0,113.0,0
59.0,27.4,Moderate,161.33,201.0,94.0,0
63.0,27.3,Low,148.67,181.0,102.0,0
80.0,22.5,Low,120.67,186.0,99.0,0
20.0,29.0,Moderate,132.0,154.0,100.0,0
57.0,34.2,Low,131.33,151.0,109.0,0
55.0,,Low,121.33,209.0,104.0,0
43.0,32.6,Low,114.0,208.0,100.0,0
45.0,22.3,High,111.33,186.0,88.0,0
38.0,31.8,High,116.0,167.0,91.0,0
28.0,20.1,Low,117.33,132.0,100.0,0
55.0,21.4,Low,106.67,195.0,107.0,0
63.0,32.9,Moderate,125.33,215.0,97.0,0
46.0,28.3,High,97.33,184.0,87.0,0
63.0,33.8,High,131.33,206.0,88.0,0
36.0,29.1,Low,109.33,204.0,101.0,0
76.0,29.0,High,140.0,108.0,148.0,1
57.0,29.3,Low,116.67,174.0,89.0,0
38.0,28.4,Low,127.33,214.0,110.0,0
48.0,27.1,Low,107.33,223.0,110.0,0
65.0,24.0,Moderate,152.67,246.0,108.0,0
43.0,23.9,High,120.0,175.0,72.0,0
43.0,29.3,Moderate,122.67,270.0,92.0,0
80.0,26.3,Low,182.67,207.0,105.0,0
73.0,36.5,Low,138.0,190.0,89.0,0
71.0,29.4,Low,119.33,179.0,103.0,0
40.0,18.8,Low,115.33,173.0,86.0,0
64.0,22.3,Low,135.33,215.0,123.0,0
21.0,27.2,Low,107.33,130.0,89.0,0
26.0,42.4,Moderate,100.67,163.0,93.0,0
50.0,20.5,Moderate,108.0,227.0,99.0,0
80.0,21.2,Low,123.33,139.0,119.0,1
80.0,26.7,Low,,264.0,128.0,0
52.0,26.3,High,119.33,191.0,94.0,0
65.0,33.7,Low,132.67,211.0,92.0,0
62.0,34.7,Low,126.67,278.0,98.0,0
80.0,31.5,Low,106.67,,99.0,0
80.0,18.9,Low,136.0,179.0,153.0,1
56.0,36.0,Low,132.67,176.0,243.0,1
32.0,29.2,Low,,182.0,89.0,0
51.0,28.3,Moderate,,183.0,115.0,1
60.0,27.1,High,124.0,211.0,113.0,0
80.0,31.1,High,124.67,121.0,177.0,1
45.0,22.5,High,120.0,136.0,79.0,0
53.0,27.8,Low,114.0,218.0,101.0,0
43.0,24.2,Moderate,119.33,223.0,97.0,0
29.0,32.8,High,122.0,185.0,98.0,0
20.0,19.1,Low,118.0,,87.0,0
70.0,24.1,Moderate,124.0,265.0,104.0,0
32.0,52.6,Low,149.33,242.0,123.0,0
74.0,27.7,Moderate,126.67,159.0,100.0,0
38.0,26.2,Low,111.33,151.0,96.0,0
26.0,46.4,Low,107.33,210.0,95.0,0
51.0,23.4,Moderate,105.33,216.0,101.0,0
38.0,27.4,High,114.67,249.0,105.0,0
74.0,22.9,Low,124.0,181.0,99.0,0
22.0,46.4,Low,111.33,214.0,86.0,0
52.0,34.1,Moderate,139.33,168.0,98.0,0
42.0,20.2,Moderate,138.0,201.0,103.0,0
58.0,25.8,Moderate,106.67,229.0,110.0,0
55.0,21.7,Moderate,90.67,158.0,94.0,0
73.0,24.4,Moderate,157.33,130.0,71.0,1
73.0,22.3,Low,150.67,157.0,103.0,0
46.0,25.2,Low,122.0,289.0,77.0,0
60.0,30.4,Low,125.33,206.0,101.0,0
69.0,,Low,131.33,189.0,108.0,1
25.0,24.4,High,117.33,187.0,75.0,0
25.0,24.0,Moderate,120.67,167.0,100.0,0
50.0,24.7,Low,110.67,189.0,97.0,0
52.0,23.2,Low,123.33,213.0,104.0,0
58.0,51.1,Low,137.33,200.0,121.0,0
64.0,34.2,Low,132.0,158.0,96.0,1
40.0,33.7,Moderate,104.67,174.0,92.0,0
60.0,31.7,Moderate,140.67,181.0,130.0,0
73.0,52.2,Low,126.67,218.0,110.0,0
68.0,27.3,Low,154.0,183.0,98.0,0
80.0,25.0,Low,121.33,140.0,156.0,1
48.0,26.8,Moderate,124.67,182.0,104.0,0
60.0,27.0,Low,125.33,177.0,102.0,0
35.0,28.9,Low,116.67,190.0,92.0,0
70.0,23.8,Moderate,135.33,128.0,125.0,0
65.0,24.2,Low,122.67,257.0,106.0,0
37.0,35.3,Moderate,124.67,255.0,87.0,0
76.0,27.7,Moderate,147.33,190.0,126.0,1
43.0,25.4,Low,114.67,145.0,87.0,0
42.0,20.3,Moderate,114.67,142.0,94.0,0
29.0,47.1,High,116.67,105.0,94.0,0
33.0,21.2,High,102.67,150.0,82.0,0
60.0,25.1,Low,132.0,143.0,136.0,1
52.0,25.4,Low,198.0,175.0,189.0,1
26.0,21.0,Moderate,106.0,201.0,84.0,0
65.0,37.9,Low,132.0,163.0,118.0,0
41.0,24.9,Moderate,110.67,177.0,92.0,0
40.0,32.6,Low,,204.0,92.0,0
51.0,28.3,High,118.67,257.0,97.0,0
79.0,24.8,Moderate,150.67,188.0,97.0,0
39.0,24.1,Low,118.67,223.0,93.0,0
50.0,25.1,Low,107.33,163.0,95.0,0
33.0,28.0,Moderate,114.0,222.0,111.0,0
33.0,35.5,Low,114.67,190.0,96.0,0
20.0,24.0,Low,104.0,133.0,94.0,0
55.0,26.2,Moderate,129.33,219.0,103.0,0
31.0,29.2,High,110.0,142.0,99.0,0
45.0,27.0,High,122.67,283.0,95.0,0
26.0,25.7,High,117.33,120.0,91.0,0
80.0,26.9,Moderate,,124.0,85.0,0
32.0,37.4,Low,114.67,267.0,111.0,0
58.0,33.6,High,142.0,204.0,104.0,0
42.0,38.5,Low,112.67,209.0,113.0,0
39.0,27.7,Low,104.67,176.0,100.0,0
47.0,26.2,Low,115.33,295.0,97.0,0
40.0,20.2,Moderate,98.0,153.0,101.0,0
76.0,28.5,Low,108.67,178.0,100.0,0
21.0,36.5,High,140.0,206.0,99.0,0
43.0,26.5,Low,110.0,188.0,109.0,0
22.0,22.9,High,114.67,198.0,87.0,0
22.0,26.3,Moderate,113.33,160.0,91.0,0
41.0,25.9,Low,130.0,241.0,104.0,0
74.0,30.1,Moderate,154.0,181.0,95.0,0
48.0,27.7,Moderate,118.67,168.0,87.0,0
49.0,27.4,Moderate,126.67,181.0,89.0,0
63.0,31.2,High,106.0,179.0,155.0,1
63.0,34.8,Moderate,131.33,161.0,94.0,0
50.0,27.8,High,112.0,121.0,149.0,1
53.0,30.4,Low,141.33,180.0,100.0,0
34.0,28.1,Low,130.0,237.0,85.0,0
39.0,29.2,Low,117.33,202.0,115.0,0
71.0,40.8,Moderate,136.67,166.0,117.0,0
21.0,26.4,Low,118.67,185.0,88.0,0
75.0,25.9,Low,138.0,191.0,106.0,0
51.0,27.3,Low,94.0,236.0,93.0,0
65.0,22.7,Moderate,115.33,137.0,95.0,0
51.0,25.4,Moderate,180.0,198.0,96.0,0
78.0,25.3,Low,138.0,168.0,100.0,0
44.0,30.4,Low,98.0,148.0,103.0,0
39.0,23.9,High,129.33,197.0,96.0,0
72.0,47.2,High,120.0,235.0,109.0,1
72.0,24.5,High,133.33,194.0,90.0,0
47.0,26.5,Low,110.67,229.0,99.0,0
36.0,31.3,High,134.0,208.0,81.0,0
38.0,25.7,Low,120.0,164.0,215.0,1
22.0,20.8,Moderate,,132.0,101.0,0
44.0,31.4,Low,108.0,240.0,129.0,1
38.0,24.4,High,136.67,148.0,90.0,0
27.0,37.5,High,121.33,167.0,118.0,0
42.0,35.4,Low,134.0,173.0,97.0,0
80.0,29.0,Moderate,103.33,117.0,102.0,0
47.0,44.6,Moderate,98.67,216.0,160.0,1
80.0,27.3,Moderate,126.67,155.0,124.0,0
20.0,20.4,Moderate,109.33,162.0,83.0,0
67.0,25.6,Low,110.0,192.0,95.0,0
28.0,19.9,High,88.67,192.0,91.0,0
32.0,51.4,Low,112.67,166.0,101.0,0
29.0,32.5,Low,98.67,196.0,87.0,0
55.0,28.3,Low,116.0,183.0,121.0,0
54.0,19.3,Low,126.67,192.0,91.0,0
30.0,23.8,High,118.67,287.0,112.0,0
35.0,28.0,High,106.0,160.0,104.0,0
47.0,29.5,Low,118.0,221.0,110.0,0
52.0,28.5,Moderate,102.0,234.0,98.0,0
56.0,25.2,Low,117.33,152.0,161.0,1
23.0,34.4,Low,,125.0,103.0,0
26.0,25.4,High,106.0,185.0,82.0,0
38.0,41.9,High,130.0,183.0,164.0,1
31.0,35.1,High,141.33,149.0,101.0,0
30.0,27.8,High,121.33,187.0,109.0,0
26.0,21.3,Moderate,98.0,142.0,67.0,0
58.0,22.5,Low,114.0,247.0,93.0,0
48.0,31.3,Low,111.33,229.0,94.0,0
63.0,29.5,Low,116.0,208.0,99.0,1
80.0,27.5,Low,128.67,199.0,129.0,0
46.0,37.3,Low,122.0,242.0,115.0,0
51.0,20.3,High,107.33,231.0,98.0,0
43.0,30.5,Moderate,180.0,197.0,110.0,0
48.0,23.7,Moderate,114.0,221.0,83.0,0
80.0,30.2,Moderate,150.0,166.0,98.0,0
56.0,,Low,,158.0,98.0,0
50.0,27.4,High,112.67,155.0,98.0,0
68.0,27.9,Moderate,130.67,161.0,110.0,0
55.0,19.0,Moderate,133.33,249.0,91.0,0
71.0,26.9,Moderate,150.0,219.0,82.0,0
62.0,27.7,Low,135.33,207.0,155.0,1
41.0,28.5,Moderate,112.67,245.0,97.0,0
53.0,22.7,High,101.33,277.0,94.0,0
41.0,22.0,High,115.33,186.0,86.0,0
68.0,41.0,Low,158.67,132.0,221.0,1
80.0,27.3,Low,130.67,153.0,103.0,0
46.0,40.5,Moderate,118.67,147.0,87.0,0
25.0,18.6,High,98.67,130.0,87.0,0
66.0,27.5,Low,128.0,256.0,167.0,0
80.0,35.3,Low,156.0,177.0,281.0,1
64.0,24.7,Low,128.0,208.0,91.0,0
60.0,29.4,Moderate,111.33,138.0,98.0,0
43.0,30.4,Low,112.0,170.0,99.0,0
76.0,34.4,Low,128.67,164.0,167.0,1
80.0,35.5,Low,178.0,187.0,165.0,1
56.0,42.1,Low,154.67,156.0,260.0,1
44.0,30.1,Low,104.67,208.0,99.0,0
29.0,32.3,Low,117.33,,88.0,0
54.0,28.7,Low,126.67,210.0,120.0,0
47.0,30.8,Low,106.0,200.0,88.0,0
69.0,42.8,Low,138.0,125.0,96.0,0
36.0,24.8,Low,100.67,258.0,99.0,0
56.0,20.4,Low,125.33,171.0,82.0,0
51.0,27.9,Low,116.0,210.0,113.0,0
43.0,31.8,Low,127.33,212.0,115.0,0
27.0,21.2,High,112.0,142.0,75.0,0
25.0,22.0,High,111.33,191.0,98.0,0
37.0,23.7,High,116.0,155.0,75.0,0
56.0,23.5,Moderate,112.0,225.0,96.0,0
73.0,27.6,Low,178.67,211.0,109.0,1
61.0,33.4,Low,132.0,254.0,117.0,0
61.0,23.3,Low,115.33,214.0,115.0,0
50.0,23.7,Moderate,128.67,164.0,94.0,0
56.0,47.5,High,126.67,202.0,99.0,0
53.0,23.7,Low,157.33,139.0,87.0,0
53.0,32.6,Low,122.0,171.0,145.0,1
61.0,25.0,Low,,270.0,100.0,0
40.0,32.4,Low,112.67,231.0,92.0,0
58.0,26.2,Moderate,104.0,252.0,91.0,0
62.0,24.3,High,116.0,204.0,104.0,0
64.0,23.9,Low,109.33,195.0,98.0,0
57.0,35.8,High,136.0,190.0,96.0,0
60.0,32.2,Moderate,106.67,205.0,94.0,0
72.0,27.5,Moderate,146.0,146.0,97.0,0
42.0,33.3,Moderate,126.0,229.0,117.0,0
45.0,22.2,Low,102.0,170.0,107.0,0
76.0,39.6,Low,113.33,146.0,90.0,0
20.0,22.9,Low,104.0,193.0,104.0,0
80.0,27.2,Low,137.33,148.0,98.0,0
37.0,32.8,Moderate,142.0,182.0,84.0,0
44.0,26.4,Low,82.0,147.0,96.0,0
27.0,28.8,High,118.67,143.0,84.0,0
80.0,25.0,Moderate,141.33,227.0,121.0,0
79.0,20.2,Moderate,103.33,223.0,101.0,0
47.0,35.5,Low,124.0,238.0,282.0,1
73.0,36.8,Low,112.0,168.0,119.0,0
32.0,26.1,High,106.0,164.0,92.0,0
40.0,24.0,Moderate,101.33,145.0,92.0,0
77.0,27.5,Low,120.67,107.0,88.0,0
25.0,25.9,Low,103.33,166.0,89.0,0
20.0,21.9,Low,98.0,130.0,87.0,0
42.0,33.8,Moderate,113.33,278.0,368.0,1
23.0,29.2,High,102.67,,95.0,0
23.0,22.8,Low,117.33,124.0,132.0,0
20.0,20.7,Moderate,116.0,193.0,91.0,0
41.0,42.1,Low,141.33,171.0,122.0,0
34.0,24.9,Moderate,114.67,209.0,87.0,0
55.0,23.3,Moderate,131.33,187.0,96.0,0
43.0,31.4,Low,,155.0,118.0,0
80.0,24.1,Low,152.67,181.0,94.0,0
44.0,30.7,Low,,170.0,154.0,0
33.0,24.6,Low,116.67,208.0,107.0,0
23.0,23.3,High,110.0,227.0,83.0,0
59.0,22.9,High,152.67,251.0,109.0,0
45.0,25.3,High,106.0,196.0,95.0,0
50.0,52.0,Low,129.33,237.0,128.0,0
52.0,32.9,Low,126.67,157.0,173.0,1
35.0,25.7,Low,96.0,121.0,101.0,0
31.0,32.2,Moderate,118.0,240.0,119.0,0
32.0,31.0,High,108.0,268.0,100.0,0
51.0,40.1,Low,132.67,147.0,87.0,0
65.0,24.9,Moderate,156.0,210.0,89.0,0
53.0,27.3,Low,124.0,235.0,137.0,0
57.0,49.0,Moderate,116.67,190.0,110.0,0
63.0,30.3,Low,134.0,179.0,107.0,0
38.0,38.0,Low,176.67,272.0,104.0,0
44.0,30.6,Low,110.0,250.0,215.0,1
41.0,28.3,Low,,222.0,111.0,0
65.0,31.1,Low,113.33,202.0,85.0,0
34.0,67.5,Low,127.33,216.0,114.0,0
25.0,17.7,High,86.67,155.0,76.0,0
33.0,29.2,Low,,160.0,97.0,0
30.0,21.7,High,112.67,181.0,92.0,0
73.0,18.9,Low,133.33,214.0,95.0,1
22.0,33.6,Low,113.33,188.0,101.0,0
47.0,36.1,Low,125.33,235.0,100.0,0
50.0,32.3,Low,119.33,165.0,108.0,0
35.0,27.6,Moderate,126.67,158.0,86.0,0
56.0,30.2,Low,138.67,172.0,105.0,0
70.0,26.8,Low,,162.0,95.0,0
24.0,23.9,Low,111.33,155.0,102.0,0
26.0,21.4,High,124.67,173.0,88.0,0
24.0,31.1,Moderate,108.67,160.0,104.0,0
70.0,26.4,Low,174.0,232.0,103.0,0
80.0,,Low,135.33,150.0,133.0,1
80.0,27.6,Low,123.33,143.0,121.0,0
66.0,32.7,Low,116.67,132.0,127.0,1
29.0,29.3,Moderate,113.33,129.0,98.0,0
42.0,32.5,Low,126.67,218.0,102.0,0
34.0,39.5,High,100.67,170.0,89.0,0
37.0,17.6,Low,103.33,168.0,96.0,0
25.0,20.6,Moderate,93.33,125.0,94.0,0
47.0,30.7,Low,140.67,107.0,158.0,1
62.0,22.8,Moderate,120.0,223.0,103.0,0
34.0,31.5,Low,141.33,172.0,99.0,0
27.0,22.6,High,126.67,184.0,107.0,0
32.0,26.2,Moderate,102.0,198.0,105.0,0
33.0,24.7,Low,105.33,155.0,96.0,0
40.0,22.8,Low,128.0,165.0,90.0,0
21.0,20.8,Low,117.33,216.0,99.0,0
63.0,25.5,Low,153.33,193.0,107.0,0
51.0,43.4,Low,133.33,160.0,104.0,0
73.0,25.9,Low,178.67,233.0,102.0,0
21.0,28.9,Moderate,108.0,167.0,92.0,0
25.0,20.4,High,110.0,173.0,87.0,0
21.0,37.5,Low,,140.0,93.0,0
35.0,23.7,Moderate,116.0,189.0,93.0,0
64.0,21.5,Low,126.67,212.0,98.0,0
49.0,30.0,Low,105.33,232.0,101.0,0
26.0,20.0,Moderate,114.67,162.0,95.0,0
66.0,27.6,Low,116.0,166.0,125.0,0
34.0,33.3,Low,113.33,205.0,95.0,0
54.0,30.3,Low,107.33,199.0,94.0,0
48.0,29.9,Moderate,113.33,166.0,188.0,1
36.0,34.9,High,118.0,158.0,100.0,0
70.0,27.7,Low,113.33,174.0,115.0,0
46.0,28.7,Low,118.0,172.0,104.0,0
80.0,24.3,Moderate,140.0,149.0,80.0,0
80.0,33.7,Low,107.33,175.0,110.0,0
71.0,31.9,Low,147.33,236.0,120.0,0
37.0,33.0,Low,120.0,183.0,98.0,0
44.0,22.0,Low,134.0,205.0,100.0,0
49.0,21.6,Low,110.0,209.0,88.0,0
78.0,26.2,Moderate,114.67,184.0,97.0,0
33.0,28.5,High,119.33,243.0,92.0,0
45.0,33.1,Moderate,117.33,234.0,103.0,0
79.0,26.4,Moderate,172.0,190.0,103.0,0
23.0,40.5,High,131.33,149.0,99.0,0
46.0,20.2,Moderate,97.33,182.0,90.0,0
80.0,37.3,Low,122.67,145.0,114.0,0
29.0,37.8,Low,144.0,179.0,99.0,0
24.0,22.4,High,116.0,174.0,85.0,0
25.0,30.5,Low,118.0,69.0,96.0,0
78.0,39.4,Low,160.67,140.0,131.0,1
73.0,24.3,Moderate,185.33,233.0,97.0,0
66.0,38.6,Low,154.0,200.0,96.0,0
32.0,56.3,Moderate,130.67,166.0,118.0,0
53.0,40.5,Moderate,110.0,205.0,155.0,0
71.0,23.2,Low,106.67,122.0,102.0,0
58.0,18.7,Low,119.33,260.0,93.0,0
37.0,30.3,Moderate,117.33,188.0,100.0,0
47.0,33.1,High,100.67,281.0,100.0,0
63.0,21.9,High,132.0,175.0,99.0,0
29.0,29.0,Low,109.33,262.0,128.0,0
39.0,19.9,Low,122.0,160.0,99.0,0
74.0,32.1,Moderate,158.0,112.0,121.0,1
64.0,23.6,Low,123.33,189.0,100.0,0
50.0,27.2,High,117.33,216.0,182.0,1
78.0,18.1,Moderate,144.0,174.0,84.0,0
56.0,53.0,Low,123.33,157.0,100.0,0
34.0,18.2,High,110.0,132.0,106.0,0
74.0,21.6,High,122.0,191.0,100.0,0
28.0,43.2,Low,101.33,178.0,96.0,0
36.0,56.9,Moderate,148.0,155.0,79.0,0
40.0,19.4,High,103.33,228.0,86.0,0
66.0,22.5,Low,216.67,175.0,97.0,0
55.0,28.4,Moderate,120.67,171.0,98.0,0
70.0,41.6,Low,92.67,181.0,115.0,1
64.0,50.7,Low,136.67,200.0,114.0,0
27.0,23.2,Low,92.67,167.0,92.0,0
32.0,50.8,Low,137.33,263.0,160.0,1
55.0,24.0,High,118.67,197.0,89.0,0
80.0,20.3,Moderate,142.67,223.0,99.0,0
48.0,21.0,Low,91.33,159.0,106.0,0
55.0,27.3,Low,106.0,209.0,123.0,1
46.0,23.9,Low,123.33,181.0,90.0,0
41.0,36.8,Moderate,141.33,288.0,106.0,0
67.0,26.2,High,136.67,223.0,211.0,1
57.0,27.2,Low,180.67,229.0,117.0,0
53.0,25.8,Moderate,130.0,179.0,108.0,0
43.0,21.4,Moderate,106.67,195.0,108.0,0
72.0,29.2,Moderate,134.67,193.0,123.0,0
55.0,18.6,High,100.67,259.0,99.0,0
76.0,20.9,Moderate,110.0,146.0,357.0,1
23.0,31.7,Low,110.67,192.0,95.0,0
24.0,23.4,Moderate,120.0,157.0,90.0,0
56.0,32.8,Moderate,161.33,277.0,120.0,1
64.0,29.1,High,155.33,235.0,109.0,0
54.0,29.5,Moderate,,224.0,105.0,0
49.0,23.2,Low,109.33,262.0,88.0,0
32.0,19.1,Moderate,107.33,175.0,95.0,0
68.0,19.0,High,130.0,190.0,83.0,0
58.0,24.4,High,128.0,188.0,92.0,0
33.0,22.0,Low,105.33,206.0,86.0,0
80.0,25.8,Low,111.33,118.0,105.0,0
51.0,21.1,Moderate,110.0,186.0,83.0,0
68.0,31.9,Low,126.0,170.0,121.0,0
47.0,48.4,Low,162.67,141.0,100.0,0
39.0,20.7,High,114.67,157.0,101.0,0
31.0,20.2,Moderate,109.33,182.0,82.0,0
59.0,51.3,Low,133.33,183.0,302.0,1
80.0,28.6,Low,136.67,199.0,127.0,0
76.0,27.3,Moderate,134.67,230.0,111.0,1
70.0,26.1,High,138.0,153.0,92.0,0
80.0,30.0,Low,185.33,143.0,139.0,1
66.0,31.7,Low,128.0,156.0,145.0,1
22.0,27.3,Low,110.0,146.0,92.0,0
46.0,23.6,Low,102.67,222.0,100.0,0
41.0,51.0,Moderate,129.0,,95.0,0
68.0,29.4,Low,114.0,127.0,84.0,0
72.0,19.8,Low,106.67,175.0,83.0,0
55.0,45.8,Low,103.33,173.0,160.0,1
53.0,24.0,Low,121.33,193.0,103.0,0
42.0,30.7,Low,104.0,182.0,103.0,0
80.0,27.1,Low,174.0,142.0,112.0,0
45.0,19.1,Moderate,98.0,150.0,88.0,0
38.0,28.0,Moderate,166.67,129.0,105.0,0
57.0,24.1,Low,144.0,188.0,93.0,0
21.0,22.8,Moderate,114.67,158.0,94.0,0
80.0,36.9,Low,110.0,185.0,105.0,0
68.0,17.7,High,131.33,242.0,89.0,0
72.0,17.7,Moderate,142.67,152.0,107.0,0
38.0,24.9,Low,102.0,178.0,85.0,0
55.0,21.8,Low,129.33,213.0,89.0,0
61.0,30.7,Moderate,130.0,247.0,80.0,1
47.0,19.6,Low,111.33,174.0,85.0,0
60.0,38.9,Moderate,116.67,143.0,101.0,0
80.0,22.8,Moderate,114.67,188.0,92.0,0
60.0,32.0,Low,148.0,171.0,104.0,0
44.0,27.9,Low,104.0,236.0,86.0,0
41.0,21.7,High,117.33,265.0,97.0,0
74.0,30.4,Low,212.0,210.0,98.0,0
66.0,26.6,Moderate,110.67,176.0,104.0,1
72.0,23.9,Low,102.0,120.0,114.0,0
35.0,28.6,High,113.33,214.0,98.0,0
43.0,26.0,Low,115.33,207.0,101.0,0
72.0,31.3,Moderate,117.33,133.0,109.0,0
24.0,24.0,Low,103.33,187.0,97.0,0
21.0,24.5,High,98.67,153.0,84.0,0
80.0,24.3,Low,111.33,199.0,101.0,0
76.0,24.2,Moderate,155.33,,136.0,1
50.0,27.2,Moderate,109.33,237.0,97.0,0
49.0,30.2,Low,116.0,205.0,101.0,0
60.0,24.2,Low,181.33,141.0,91.0,0
66.0,31.0,Moderate,140.0,232.0,107.0,0
51.0,22.9,Low,109.33,242.0,120.0,0
79.0,28.1,Low,132.67,178.0,96.0,0
31.0,20.9,Low,117.33,183.0,106.0,0
48.0,32.1,Moderate,110.0,153.0,94.0,0
76.0,28.1,Low,144.0,199.0,100.0,0
27.0,22.4,High,120.67,180.0,108.0,0
55.0,39.2,Low,136.67,205.0,179.0,1
53.0,30.1,High,127.33,270.0,88.0,0
34.0,34.0,Moderate,,183.0,195.0,1
25.0,23.7,Low,100.0,179.0,113.0,0
53.0,25.9,High,115.33,160.0,86.0,0
27.0,24.6,Moderate,97.33,192.0,89.0,0
32.0,30.3,High,121.33,177.0,105.0,0
41.0,42.1,Low,133.33,186.0,122.0,1
43.0,24.6,Low,111.33,157.0,158.0,1
23.0,34.3,High,110.0,195.0,82.0,0
51.0,22.1,Moderate,116.67,204.0,97.0,0
57.0,42.9,Low,133.33,241.0,86.0,0
21.0,27.4,Low,102.67,91.0,75.0,0
59.0,22.7,Low,106.0,269.0,92.0,0
44.0,26.4,Low,126.0,195.0,107.0,0
49.0,33.6,Low,134.0,148.0,88.0,0
34.0,32.2,High,116.67,155.0,89.0,0
69.0,28.8,Moderate,142.0,184.0,111.0,0
71.0,20.7,Moderate,125.33,158.0,96.0,1
50.0,33.5,Low,144.67,,313.0,1
64.0,36.4,Moderate,119.33,162.0,102.0,0
54.0,30.7,Low,116.67,193.0,162.0,1
71.0,26.3,Low,132.0,120.0,195.0,0
34.0,40.5,Low,124.67,203.0,101.0,0
67.0,28.8,Moderate,114.67,203.0,99.0,0
73.0,39.4,Low,128.67,208.0,127.0,0
54.0,22.9,High,110.67,99.0,91.0,0
27.0,26.4,High,134.0,82.0,89.0,0
20.0,18.6,Low,122.0,132.0,94.0,0
38.0,23.3,Moderate,111.33,248.0,84.0,0
47.0,27.1,Low,108.0,,98.0,0
47.0,21.5,Low,104.0,160.0,98.0,0
68.0,32.4,Moderate,138.67,154.0,193.0,1
23.0,28.7,High,108.67,198.0,83.0,0
64.0,32.3,Low,146.0,163.0,235.0,1
30.0,27.7,Moderate,,205.0,99.0,0
45.0,22.7,Low,118.67,137.0,97.0,0
59.0,22.7,Moderate,152.67,225.0,97.0,0
64.0,,Low,138.67,212.0,91.0,0
57.0,32.5,Low,112.67,272.0,101.0,0
25.0,19.2,Low,107.33,165.0,95.0,0
53.0,24.6,Moderate,113.33,201.0,95.0,0
61.0,27.9,High,123.33,211.0,204.0,1
45.0,29.6,Low,,182.0,102.0,0
51.0,27.8,Low,131.33,178.0,110.0,0
51.0,19.5,Moderate,142.67,189.0,70.0,0
51.0,32.7,Low,122.0,192.0,128.0,0
80.0,20.9,Low,118.0,138.0,136.0,1
23.0,16.9,Low,87.33,172.0,99.0,0
41.0,28.8,Low,110.67,177.0,88.0,0
55.0,23.9,Low,98.0,178.0,100.0,0
80.0,21.3,Moderate,113.33,185.0,97.0,0
24.0,21.4,High,101.33,131.0,90.0,0
21.0,24.9,Low,112.0,118.0,88.0,0
35.0,24.2,High,116.0,126.0,99.0,0
51.0,22.7,High,127.33,177.0,108.0,0
71.0,27.8,Low,125.33,160.0,110.0,0
52.0,18.3,Moderate,96.67,183.0,89.0,0
80.0,24.2,Low,120.67,213.0,158.0,1
25.0,21.4,High,108.0,155.0,85.0,0
75.0,27.3,Low,116.0,199.0,96.0,0
80.0,38.3,Low,129.33,221.0,129.0,0
42.0,23.0,Low,110.0,143.0,99.0,0
31.0,34.9,Low,107.33,114.0,100.0,0
80.0,27.9,Low,156.67,161.0,67.0,1
68.0,30.6,High,188.0,283.0,101.0,0
65.0,25.7,Moderate,136.0,242.0,89.0,0
47.0,25.5,High,124.0,162.0,106.0,0
27.0,25.6,Low,123.33,223.0,84.0,0
68.0,19.7,Low,108.67,216.0,109.0,0
37.0,36.9,Low,124.0,196.0,113.0,0
25.0,21.9,High,113.33,135.0,96.0,0
31.0,20.6,Low,106.0,153.0,97.0,0
46.0,33.7,Moderate,137.33,189.0,91.0,0
25.0,25.5,Low,95.33,129.0,95.0,0
43.0,50.0,Low,109.33,169.0,131.0,0
44.0,27.1,Moderate,115.33,215.0,102.0,0
23.0,25.7,Low,,152.0,77.0,0
75.0,34.5,Moderate,154.0,224.0,87.0,0
21.0,16.7,Low,102.67,181.0,99.0,0
56.0,24.8,Moderate,124.0,214.0,104.0,0
80.0,30.0,Low,134.67,240.0,109.0,0
36.0,22.5,Low,109.33,146.0,87.0,0
43.0,30.1,Low,124.67,183.0,111.0,0
26.0,19.9,High,98.67,189.0,79.0,0
57.0,27.6,Low,116.0,249.0,166.0,1
56.0,36.5,Low,148.0,275.0,321.0,1
27.0,28.8,Moderate,94.67,153.0,93.0,0
63.0,25.1,Moderate,148.0,221.0,87.0,0
61.0,35.2,Low,,201.0,92.0,0
29.0,22.8,Moderate,98.0,167.0,94.0,0
76.0,24.1,Low,170.67,179.0,100.0,1
49.0,38.9,High,167.33,169.0,137.0,1
57.0,28.3,Moderate,120.67,227.0,99.0,0
62.0,22.3,High,116.0,203.0,84.0,0
32.0,38.2,High,125.33,214.0,107.0,0
43.0,32.8,High,126.0,160.0,127.0,0
68.0,29.4,Moderate,155.33,189.0,118.0,0
48.0,31.3,Low,168.0,163.0,103.0,0
44.0,21.6,Moderate,94.0,204.0,97.0,0
79.0,26.0,Low,116.0,,96.0,0
75.0,28.6,Low,106.0,145.0,109.0,0
24.0,25.1,High,129.33,153.0,98.0,0
63.0,25.1,High,132.67,278.0,88.0,0
22.0,23.0,Moderate,134.0,160.0,89.0,0
20.0,25.3,High,132.67,162.0,94.0,0
33.0,27.0,Low,105.33,201.0,95.0,0
39.0,40.0,Low,118.67,213.0,97.0,0
29.0,23.2,Low,102.67,179.0,93.0,0
50.0,27.5,Low,126.0,218.0,297.0,1
66.0,23.9,Moderate,142.67,206.0,93.0,0
55.0,19.9,Moderate,143.33,266.0,84.0,0
63.0,28.4,Low,122.0,218.0,191.0,1
30.0,26.9,Low,103.33,209.0,92.0,0
44.0,27.1,High,114.0,155.0,98.0,0
71.0,35.1,Low,137.33,168.0,375.0,1
71.0,22.7,Low,131.33,159.0,105.0,0
68.0,29.6,Moderate,129.33,137.0,125.0,1
71.0,36.1,Low,128.0,148.0,114.0,0
49.0,31.3,Low,102.0,142.0,98.0,0
61.0,26.5,Moderate,132.0,137.0,128.0,1
21.0,21.1,High,100.0,173.0,96.0,0
59.0,30.1,Moderate,127.33,213.0,101.0,0
32.0,26.9,Moderate,113.33,170.0,101.0,0
20.0,22.6,High,132.67,168.0,94.0,0
65.0,44.0,Moderate,122.67,139.0,81.0,0
28.0,29.8,Moderate,114.67,164.0,89.0,0
41.0,24.6,High,103.33,154.0,95.0,0
43.0,37.3,Low,118.67,198.0,138.0,0
50.0,21.9,Moderate,121.33,176.0,97.0,0
59.0,26.6,Moderate,106.67,209.0,96.0,0
42.0,29.4,High,103.33,235.0,92.0,0
60.0,24.5,Low,122.0,183.0,101.0,0
72.0,30.5,Low,127.33,119.0,114.0,0
23.0,23.8,High,92.67,132.0,89.0,0
80.0,24.9,Moderate,116.0,197.0,105.0,0
60.0,34.7,Low,130.0,171.0,111.0,1
40.0,29.4,Low,101.33,199.0,96.0,0
31.0,26.7,High,111.33,177.0,94.0,0
50.0,34.3,Low,137.33,155.0,333.0,0
58.0,24.6,High,100.67,297.0,96.0,0
49.0,28.5,Low,132.0,197.0,97.0,0
80.0,26.0,Low,169.33,225.0,106.0,0
45.0,29.7,Low,122.67,322.0,96.0,0
40.0,48.0,Low,117.33,178.0,98.0,0
80.0,24.2,Low,114.0,241.0,116.0,0
33.0,27.4,Low,114.0,208.0,100.0,0
56.0,21.7,Low,116.67,213.0,91.0,0
41.0,48.1,Low,,180.0,146.0,1
50.0,32.7,Moderate,122.0,271.0,106.0,0
51.0,25.9,Moderate,118.0,214.0,150.0,1
42.0,18.3,High,122.0,256.0,97.0,0
33.0,30.0,High,104.0,160.0,101.0,0
68.0,19.1,Low,100.0,129.0,89.0,0
36.0,25.3,Moderate,114.67,171.0,99.0,0
37.0,20.8,High,115.33,255.0,83.0,0
80.0,27.9,Moderate,152.0,309.0,111.0,0
64.0,49.4,Low,96.67,161.0,144.0,1
38.0,33.5,Low,110.67,209.0,100.0,0
61.0,30.0,Low,125.33,165.0,93.0,0
34.0,23.7,Low,114.67,180.0,103.0,0
60.0,27.4,Moderate,116.0,221.0,90.0,0
61.0,33.1,Moderate,139.33,186.0,159.0,1
26.0,24.5,Low,112.67,190.0,108.0,0
